voice_group_id,name,member_character_ids,gender,age_group,role,personality_traits,speakable_line_count,generation_status,review_reasons,voice_design_prompt
233ce0681b9d5e54,宇文逸,1 | 25,male,young_adult,unknown,谨慎 | 观察力强 | 有责任感,13299,ready,,确定人物设定：青年男性角色，声线必须保持这一年龄与性别呈现。一位年轻男性，声音清朗，带有少年人的活力与沉稳，语速适中，咬字清晰，情绪表达自然，在思考或推理时语速稍缓，语气认真。
1c6001f7cd61fa9f,冷无情,11509,male,middle_aged,六扇门四大神捕之首,沉稳 | 睿智 | 病弱 | 谋略过人,925,ready,,确定人物设定：中年男性角色，声线必须保持这一年龄与性别呈现。一位中年男性神捕，声音低沉，语速缓慢，音色沙哑带虚弱感，咬字清晰文雅，情绪冷静克制，透出病弱但睿智的气质。
9eb425cfb5ca934d,李元兴,7502,male,middle_aged,丐帮执法长老,谋略 | 谨慎 | 谦逊,901,ready,,确定人物设定：中年男性角色，声线必须保持这一年龄与性别呈现。一位中年男性，声音温润，语速中等，咬字清晰，情绪底色沉稳睿智，体现丐帮执法长老的谋略与谦逊。
08f0c9f2c84f3729,莫问,5015 | 5002 | 45311,male,young_adult,武当大师兄,端方 | 照顾师弟,810,ready,,确定人物设定：青年男性角色，声线必须保持这一年龄与性别呈现。一位成年男性武当大师兄，声音清朗正直，语速适中，咬字清晰，语气沉稳，对师弟关怀，有侠义风范。
a0f074bd7900188d,欧阳雪,17005 | 6002,female,young_adult,名剑山庄庄主之女,文静 | 聪慧 | 淡泊,739,ready,,确定人物设定：青年女性角色，声线必须保持这一年龄与性别呈现。一位年轻女性，声音清亮柔和，语速较慢，咬字清晰温婉，情绪底色平静，有时透出忧郁，说话简洁但富有内涵。
7b8f3b33e20d053b,清虚道长,5003 | 19000,male,elderly,武当掌门,沉稳 | 和善,722,ready,,确定人物设定：老年男性角色，声线必须保持这一年龄与性别呈现。一位老年男性武林长者，声音低沉温厚，语速缓慢，咬字清晰稳重，情绪平和克制，带有掌门威严和长者风范。
e986afff9d36d954,步微月,19830 | 19842,female,young_adult,游仙岛少女,聪慧 | 古怪 | 洒脱,710,ready,,确定人物设定：青年女性角色，声线必须保持这一年龄与性别呈现。一位年轻女性，音高较高，音色清亮，语速中等，力度中等，咬字清晰，情绪底色灵动，带有聪慧和古怪的气质。
250ef8186db53b28,瑶姬,17115,female,young_adult,玄火教玄阳护法,乖张 | 爱憎分明 | 直率,671,ready,,确定人物设定：青年女性角色，声线必须保持这一年龄与性别呈现。一位年轻女性武林护法，声音清亮，音调中等，语速中等，说话语气多变，时而俏皮，时而狠厉，情绪鲜明。
5f71c70b418d51c9,冷鹰,8001 | 17109,male,young_adult,assassin,冷峻 | 寡言 | 重情义,629,ready,,确定人物设定：青年男性角色，声线必须保持这一年龄与性别呈现。一位年轻男性刺客，声音清冷低沉，语速缓慢，话语简短，咬字清晰，情绪内敛，带有江湖杀手的疏离感，但在提及师父或同伴时语气会稍显柔和。
8d1d08931a0bbee0,飞蝎使-娜乌,8506,female,young_adult,五灵使,热情 | 直率 | 忠诚,623,ready,,确定人物设定：青年女性角色，声线必须保持这一年龄与性别呈现。一位年轻女性，声音明亮温暖，音调中等，语速中等，语气热情直率，自称娜乌，带有苗疆口音，情绪真诚，在忧虑时语气会变得低沉。
d1c2dc2ddecfae75,吕仙儿,17012,female,young_adult,吕家小姐,好武 | 聪慧 | 直率,587,ready,,确定人物设定：青年女性角色，声线必须保持这一年龄与性别呈现。一位年轻女性，声音清亮，语速适中，咬字清晰有力，情绪底色自信和好奇，说话带有英气。
5c09df7edadf9a70,蓝孔雀,8510,female,adult,代教主,沉稳 | 睿智 | 威严,567,ready,,确定人物设定：成年女性角色，声线必须保持这一年龄与性别呈现。一位成年女性，声音醇厚，音调中等，语速较慢，语气沉稳威严，咬字清晰稳重，带有教主身份的庄重感。
398ca97d397d8739,旁白,2 | wsvoice_narrator,male,middle_aged,narrator,客观 | 中立,553,ready,,确定人物设定：中年男性角色，声线必须保持这一年龄与性别呈现。一位中性的叙述者，声音平稳，语速适中，不带明显情感色彩，咬字清晰，用于游戏旁白。
f24c41560dc88433,清霄道长,5006,male,elderly,武当长老,火爆 | 嫉恶如仇,521,ready,,确定人物设定：老年男性角色，声线必须保持这一年龄与性别呈现。一位老年男性武林长老，声音浑厚有力，语速较快，咬字干脆利落，情绪激昂，带有火爆脾气和嫉恶如仇的侠义感。
4a72818a0f3ebeef,商葶苧,10309 | 19967,female,young_adult,杏林会首席、药圣传人,聪慧 | 淡泊 | 谨慎,492,ready,,确定人物设定：青年女性角色，声线必须保持这一年龄与性别呈现。一位年轻女性医者，声音清亮柔美，音调中等，语速适中，咬字清晰，带有医者的温润与从容，情绪平和，偶尔流露关切，有江湖侠女的英气。
acfacdeb225f991a,涤罪僧,5513,male,middle_aged,少林寺杀生戒持有者,深沉 | 坚毅 | 慈悲,426,ready,,确定人物设定：中年男性角色，声线必须保持这一年龄与性别呈现。一位中年男性僧人，声音低沉沙哑，语速缓慢，语气深沉慈悲，用词精炼，带有背负罪业的沉重感与坚定。
66aa4ed87e86ec1a,上官虹,10268,female,young_adult,女侠,年少成名 | 剑法精妙 | 有责任感,370,ready,,确定人物设定：青年女性角色，声线必须保持这一年龄与性别呈现。一位年轻女性侠客，声音中等音高，音色清亮，语速中等，能量中等，语气文雅有礼，咬字清晰，带有自信和侠气。
b4bb9bd9111fd29d,莫弃,5029 | 5012,male,young_adult,武当三师兄,急躁 | 关心师弟 | 直率,369,ready,,确定人物设定：青年男性角色，声线必须保持这一年龄与性别呈现。一位年轻男性武当弟子，声音清朗，语速偏快，语气直率急躁，但透露出对师弟的关心，咬字干脆，情绪外放。
d23450400d26af5b,白锦,10131,male,young_adult,飞贼,风趣 | 自信 | 机敏,367,ready,,确定人物设定：青年男性角色，声线必须保持这一年龄与性别呈现。一位青年男性飞贼，声音清朗明亮，带一丝玩世不恭的江湖气。语速中等偏快，语气诙谐自信，咬字清晰利落，情绪底色轻松愉快，常带调侃意味。
33b6f884005d9e12,燕未还,12011,male,adult,恶人谷七凶之五,沉稳 | 重义,361,ready,,确定人物设定：成年男性角色，声线必须保持这一年龄与性别呈现。一位成年男性，声音沉稳，语速中等，咬字清晰，情绪沉稳，带有江湖侠客的义气感。
1c1d8d4efc061935,顾思归,19701 | 19969,male,young_adult,音律高手,文雅 | 聪慧 | 从容,357,ready,,确定人物设定：青年男性角色，声线必须保持这一年龄与性别呈现。一位青年男子，声音清朗温润，音调中等，语速适中，能量中等，咬字清晰流畅，情绪平和从容，带有文雅的书卷气。
8e8b15c624cb9ff2,欧阳衡,17100 | 6000,male,elderly,名剑山庄庄主,沉稳 | 谦和 | 老练,343,ready,,确定人物设定：老年男性角色，声线必须保持这一年龄与性别呈现。一位老年男性武林长者，声音低沉温厚，语速缓慢，咬字清晰稳重，语气平和谦和，有长者的宽厚感。
eef919dff7c097f1,莲芯,19714 | 6510,male,young_adult,童安亲信随从,诡谲 | 忠诚 | 复仇心,343,ready,,确定人物设定：青年男性角色，声线必须保持这一年龄与性别呈现。一位年轻随从，声音清冷，语速中等，咬字干脆，常带咈咈咈的轻笑，语气中透露出诡谲和复仇的决心，性别特征不明显，可中性化处理。
d9bf35dd92cf7e49,江小彤,8500,female,young_adult,圣女,任性 | 倔强 | 依赖父亲,333,ready,,确定人物设定：青年女性角色，声线必须保持这一年龄与性别呈现。一位年轻女性，声音清脆明亮，音调较高，语速较快，语气活泼任性，带有少女的娇憨，情绪起伏较大，在愤怒时声音会变得尖锐。
b25992321161d772,司马铃,11708,female,teen,青木舫嫡传弟子,天真无邪 | 活泼 | 好奇,323,ready,,确定人物设定：少年女性角色，声线必须保持这一年龄与性别呈现。一位年轻女性，声音清脆甜美，音调偏高，语速快，语气活泼，带撒娇和惊叹，体现天真无邪的少女形象。
b5aacea159ff565a,绝无心,6507,male,young_adult,六扇门捕快,沉稳 | 谨慎 | 关心同伴,301,ready,,确定人物设定：青年男性角色，声线必须保持这一年龄与性别呈现。一位年轻男性，声音清朗，语速中等，咬字清晰，情绪底色稳重而关切，体现六扇门捕快的沉稳与责任感。
577110b19b6bf0a8,肖寒光,10024,male,young_adult,天剑宗少宗主,天资聪颖 | 专注剑道 | 冷静 | 孤高,291,ready,,确定人物设定：青年男性角色，声线必须保持这一年龄与性别呈现。一位年轻男性剑客，声音清朗，音高适中，语速较慢，力度中等，咬字清晰文雅，情绪底色冷静孤高，带有世家子弟的从容。
9be407960f666c9c,童安,19713 | 6509 | 19751 | 19754,male,middle_aged,厂卫督主,邪气 | 自信 | 权谋,287,ready,,确定人物设定：中年男性角色，声线必须保持这一年龄与性别呈现。一位中年男性太监，声音阴柔但充满威严，音调偏高，语速中等，咬字清晰，带有笑里藏刀和权谋算计的感觉，说话时带点呵呵的轻笑，体现其邪气和深不可测。
9bb2cf72f4336b04,殷无矜,8000 | 17105,male,middle_aged,神鹰门掌门,冷酷 | 高傲 | 有谋略,273,ready,,确定人物设定：中年男性角色，声线必须保持这一年龄与性别呈现。一位中年男性，声音低沉，语速较慢，咬字清晰，情绪底色冷漠威严，体现神鹰门掌门的冷酷与高傲。
c06e6c1a914c9d50,荀杳杳,12010,female,young_adult,恶人谷七凶之六,诡异 | 阴柔,272,ready,,确定人物设定：青年女性角色，声线必须保持这一年龄与性别呈现。一位声音雌雄莫辨的角色，音调中等，语速缓慢，能量低，音色诡异，咬字清晰，情绪阴柔，带有神秘感。
ae948dc444ce4c34,叶飞,19112,male,middle_aged,前魔门天机宫开阳殿主,豪迈 | 深沉,262,ready,,确定人物设定：中年男性角色，声线必须保持这一年龄与性别呈现。一位中年男性武林高手，声音磁性，语速中等，语气豪迈，带着江湖人的深沉与洒脱。
70fec0653d63a8c7,刘雄,6504 | 17102,male,elderly,六扇门总捕头,刚正不阿 | 有担当 | 重国仇家恨,237,ready,,确定人物设定：老年男性角色，声线必须保持这一年龄与性别呈现。一位老年男性，声音低沉浑厚，语速较慢，咬字清晰有力，情绪底色严肃深沉，带有武林前辈的威严与决绝，体现六扇门总捕头的刚正不阿。
0e9b18fada4e9bdd,江吟风,10016 | 10009,male,middle_aged,武当叛徒,沉稳 | 深藏不露 | 严厉,233,ready,,确定人物设定：中年男性角色，声线必须保持这一年龄与性别呈现。一位中年男性武林高手，声音低沉浑厚，语速缓慢，说话平淡但带威严，有深藏不露的高手风范。
f78740de5c8d2692,圆觉,5500 | 5511,male,elderly,少林方丈,德高望重 | 沉稳 | 慈悲,231,ready,,确定人物设定：老年男性角色，声线必须保持这一年龄与性别呈现。一位老年男性少林方丈，声音苍老浑厚，语速缓慢，语气平和慈悲，咬字清晰稳重，情绪内敛，带有佛门高僧的德高望重感。
1cfd78948c6b3075,慕迟,19952,male,middle_aged,玉门慕家家主,狂士 | 富商,228,ready,,确定人物设定：中年男性角色，声线必须保持这一年龄与性别呈现。一位中年男性世家家主，声音低沉浑厚，语速沉稳，咬字清晰有力，情绪自信从容，带有狂士的洒脱与威严。
b870a7305855c2ca,白惟一,19700,male,young_adult,长生殿乘君,深不可测 | 超然,223,ready,,确定人物设定：青年男性角色，声线必须保持这一年龄与性别呈现。一位武林绝顶高手，声音清朗而富有磁性，音调中等，语速缓慢，能量中等，咬字清晰优雅，情绪平和深邃，带有超然物外的宗师气度。
66ce41531d84f3c5,左江龙,7500,male,middle_aged,丐帮帮主,正直 | 有责任感 | 谦逊,211,ready,,确定人物设定：中年男性角色，声线必须保持这一年龄与性别呈现。一位中年男性，声音浑厚，语速中等，咬字清晰，情绪底色诚恳而稳重，体现丐帮帮主的正直与谦逊。
b8eeb0749f8a62ce,圆悟,5501,male,middle_aged,少林戒律院首座,执法严明 | 正直,197,ready,,确定人物设定：中年男性角色，声线必须保持这一年龄与性别呈现。一位中年男性少林高僧，声音浑厚，语速适中，语气严肃，咬字清晰有力，情绪正直威严，带有执法者的严明感。
c35cd2b58f021a4c,陈麟熙,10221,male,middle_aged,武馆教头,武艺高强 | 自律 | 谦逊,169,ready,,确定人物设定：中年男性角色，声线必须保持这一年龄与性别呈现。一位中年男性武馆教头，声音浑厚有力，语速适中，语气沉稳谦逊，措辞文雅，带有武者的风范。
edffff8a7bc3494f,玄离,9000 | 17111,male,middle_aged,玄火教教主,野心勃勃 | 威严 | 深沉,168,ready,,确定人物设定：中年男性角色，声线必须保持这一年龄与性别呈现。一位中年男性武林教主，声音低沉浑厚，语速中等，语气威严，带有压迫感和深沉的气质，咬字清晰有力。
fde247b5c02f2f6b,无名,9500 | 9509,male,adult,恶人谷高手,狂妄 | 冷酷 | 强大,166,ready,,确定人物设定：成年男性角色，声线必须保持这一年龄与性别呈现。一位身份不明的恶人谷高手，声音低沉，语速中等，力度强，咬字清晰，情绪底色是狂妄冷酷，说话充满轻蔑和威胁，透出强大的压迫感。
777d79918fc83168,道微,5007,male,elderly,武当长老,欣赏强势,163,ready,,确定人物设定：老年男性角色，声线必须保持这一年龄与性别呈现。一位老年武当长老，性别不明，声音温厚，语速适中，咬字清晰，情绪平和，带有长老的沉稳和正式感。
33897d3ce1af6cd7,叶云,19950,male,young_adult,叶家军先锋官,暴躁 | 冲动 | 勇猛,155,ready,,确定人物设定：青年男性角色，声线必须保持这一年龄与性别呈现。一位年轻男性武将，声音浑厚有力，语速较快，咬字干脆，情绪激昂冲动，带有沙场豪迈与急躁。
3959416e42ea5554,慕寒梅,19954,female,young_adult,慕家剑客,冷傲 | 机敏 | 有礼,155,ready,,确定人物设定：青年女性角色，声线必须保持这一年龄与性别呈现。一位年轻女性剑客，声音清冷而略带磁性，语速中等，咬字清晰利落，情绪冷静有礼，带有剑客的锐利与世家风范。
0cba20842c47ccfb,程钰,16002 | 5037 | 9507 | 19902,male,young_adult,程家堡二当家之子,自卑 | 敏感 | 孝顺,148,ready,,确定人物设定：青年男性角色，声线必须保持这一年龄与性别呈现。一位年轻男性，声音清亮但带着忧郁，语速较慢，语气低沉，有时显得怯懦，情感细腻，带有自卑和敏感。
781c095e9c95983a,元启,5008,male,young_adult,武当首徒,武艺高强 | 负责,145,ready,,确定人物设定：青年男性角色，声线必须保持这一年龄与性别呈现。一位年轻的武当首徒，性别不明，声音清朗，语速适中，咬字清晰，情绪平和，带有温和和鼓励感。
e36768d5419b8df7,欧阳剑英,16020 | 6001,male,young_adult,名剑山庄少庄主,自信 | 护短 | 急躁,135,ready,,确定人物设定：青年男性角色，声线必须保持这一年龄与性别呈现。一位年轻男性少庄主，声音清亮有力，语速快，语气直接，咬字清晰，情绪自信而急躁，带命令口吻。
c96b0e6ad56a5cab,卫霍,10047,male,young_adult,猎户,孤僻 | 寡言 | 重情义,126,ready,,确定人物设定：青年男性角色，声线必须保持这一年龄与性别呈现。一位年轻男性猎户，声音低沉，语速缓慢，说话简短有力，情绪内敛但透出坚定和重情义，带有江湖人的沉稳。
a1e5a971c20d4c6c,萧无颜,19702,female,young_adult,长生殿副阁主,冷峻 | 坚定,126,ready,,确定人物设定：青年女性角色，声线必须保持这一年龄与性别呈现。一位女性，声音清冷，音调较低，语速缓慢，能量中等，咬字清晰有力，情绪冷峻坚定，带有上位者的威严。
a48c642928381aec,欧阳海,16012,male,young_adult,名剑山庄弟子,痴迷铸剑 | 专注 | 钻研,122,ready,,确定人物设定：青年男性角色，声线必须保持这一年龄与性别呈现。一位年轻男性弟子，声音清亮，语速较快，充满热情和专注，咬字清晰，谈及铸剑时语气兴奋。
aded0a67cf9f5e21,段朝晨,19706,female,young_adult,长生殿死印令君,孤傲 | 寡言,119,ready,,确定人物设定：青年女性角色，声线必须保持这一年龄与性别呈现。一位武林人士，声音清冷，音调较低，语速极慢，能量较低，咬字清晰但话语简短，情绪冷漠疏离，带有孤傲的气质。
1330cb35fed5fe2e,汤统,12600,male,middle_aged,霹雳门掌门,谨慎 | 精明 | 有城府,119,ready,,确定人物设定：中年男性角色，声线必须保持这一年龄与性别呈现。一位中年男性掌门，声音低沉浑厚，语速较慢，咬字清晰稳重，情绪沉稳而内敛，透露出精明与城府。
6065cb56516378e2,法灭尽,19801 | 45751,male,middle_aged,天竺僧人,冷静 | 理性 | 执着 | 洞察,118,ready,,确定人物设定：中年男性角色，声线必须保持这一年龄与性别呈现。一位中年男性天竺僧人，声音清朗沉稳，语速中等，力度中等，咬字清晰，情绪底色是冷静与坚定，带有分析性和洞察力，体现武学高手的沉稳。
f42b2746e63c7eff,王道明,16300,male,elderly,平阳堡堡主,固执 | 传统 | 护短,118,ready,,确定人物设定：老年男性角色，声线必须保持这一年龄与性别呈现。一位老年男性武林前辈，声音苍老浑厚，语速较慢，语气威严，自称“老夫”，带有长辈的训诫感和对家业的无奈。
1404c39f1362436c,慕艾,19955,male,elderly,慕家兵法教授,温和 | 儒雅 | 谦和,114,ready,,确定人物设定：老年男性角色，声线必须保持这一年龄与性别呈现。一位老年男性武林长者，声音温厚而略带苍老，语速从容，咬字清晰稳重，情绪平和慈祥，带有儒雅与智慧。
65a29b922864bf83,道妙,5013,male,elderly,武当长老,精打细算 | 亲切,113,ready,,确定人物设定：老年男性角色，声线必须保持这一年龄与性别呈现。一位老年武当长老，性别不明，声音温厚，略带沧桑，语速适中，咬字清晰，语气平和亲切，常带感叹，有长者的宽厚与关怀感。
5831f87c3cdb88bf,花美人,12801,female,young_adult,unknown,害羞 | 感恩 | 善良,112,ready,,确定人物设定：青年女性角色，声线必须保持这一年龄与性别呈现。一位年轻女性武侠，声音音高较高，语速中等，音色清亮，咬字清晰，情绪底色害羞，带有感激之情。
902b2cc6d9da4947,元风,5031,male,young_adult,武当二师兄,稳重 | 负责 | 细心,110,ready,,确定人物设定：青年男性角色，声线必须保持这一年龄与性别呈现。一位年轻男性武当弟子，声音沉稳温厚，语速适中，措辞得体，咬字清晰稳重，情绪平和可靠，带有师兄的稳重感。
ba6974a29c297146,道玄,5014,male,elderly,武当长老,专注 | 淡泊,110,ready,,确定人物设定：老年男性角色，声线必须保持这一年龄与性别呈现。一位老年武当长老，性别不明，声音沉稳，略带沙哑，语速缓慢，咬字清晰，语气淡然，对世事漠不关心，但谈及炼丹时或有兴致。
9bdca1ccb28c1f66,迦摩,16015,male,middle_aged,天竺僧人,虔诚 | 平静,109,ready,,确定人物设定：中年男性角色，声线必须保持这一年龄与性别呈现。一位中年男性僧人，声音低沉圆润，语速慢，语气平和，咬字清晰，情绪平静而虔诚，带有梵音感。
e8939d80853fc3d0,孔亮,10269,male,adult,前草寇,豪爽 | 改过自新,108,ready,,确定人物设定：成年男性角色，声线必须保持这一年龄与性别呈现。一位成年男性，声音低音，音色粗犷，语速中等，能量高，语气豪爽直爽，咬字有力，带有江湖气。
d86f622c732087c2,道通,5011 | 5030,male,elderly,武当长老,协助掌门 | 友善,108,ready,,确定人物设定：老年男性角色，声线必须保持这一年龄与性别呈现。一位老年武当长老，性别不明，声音温厚，语速适中，咬字清晰，情绪平和，带有亲切和鼓励感。
97c411d0e7ebc02c,黄宗政,19103,male,adult,峋谷关主将,沉稳 | 睿智 | 有责任感,107,ready,,确定人物设定：成年男性角色，声线必须保持这一年龄与性别呈现。一位成年男性主将，声音浑厚，音调较低，语速中等，力度适中，咬字清晰，情绪底色为沉稳而关切，体现其睿智和责任感。
ed628b76bd7b97d5,伏龙子,9506,male,elderly,恶人谷高手,冷酷 | 执着 | 强大,106,ready,,确定人物设定：老年男性角色，声线必须保持这一年龄与性别呈现。一位老年男性武林高手，声音低沉苍老，带沙哑感，语速缓慢，力度中等，咬字清晰，情绪底色是冷酷执着，说话充满杀意和决绝，透出强大的压迫感。
91ca1ab5ad416d9f,三和,12604,male,middle_aged,霹雳门副掌,稳重 | 忧虑 | 有责任感,105,ready,,确定人物设定：中年男性角色，声线必须保持这一年龄与性别呈现。一位中年男性副掌，声音沉稳，语速中等，咬字清晰，情绪忧虑而克制，措辞正式，有责任感。
a3b6690e5d4e2595,主簿-陈修,19111,male,middle_aged,行军主簿,文雅 | 忧心,103,ready,,确定人物设定：中年男性角色，声线必须保持这一年龄与性别呈现。一位中年男性主簿，声音清朗，语速适中，措辞文雅，语气中带着对军务的忧虑。
a9ac924c7c59fcc2,洪飞,17112,male,elderly,丐帮长老,豪迈 | 豁达 | 自嘲 | 愧疚,103,ready,,确定人物设定：老年男性角色，声线必须保持这一年龄与性别呈现。一位老年男性丐帮长老，声音苍老沙哑，音调低，语速中等，说话豪放不羁，带有自嘲和沧桑感，情绪复杂。
3cdbdcd441805e15,龙桑杰,8505 | 45595,male,middle_aged,五毒教头目,狂傲 | 阴险 | 野心勃勃,103,ready,,确定人物设定：中年男性角色，声线必须保持这一年龄与性别呈现。一位中年男性五毒教头目，声音低沉而带磁性，语速中等，语气傲慢，说话时带着冷笑或大笑，措辞尖锐，充满野心和阴冷感。
25a5adb0a44b834e,叶银瓶,19951,female,young_adult,叶鹏举之女,向往自由 | 活泼 | 谨慎,101,ready,,确定人物设定：青年女性角色，声线必须保持这一年龄与性别呈现。一位年轻女性，声音清脆明亮，语速轻快，咬字清晰活泼，情绪欢快好奇，带有少女的灵动与俏皮。
158aeef589daf68d,王天聪,16301,male,adult,平阳堡长子,豪爽 | 直率 | 重情义,95,ready,,确定人物设定：成年男性角色，声线必须保持这一年龄与性别呈现。一位成年男性武林人士，声音洪亮，语速较快，语气爽朗豪迈，带有江湖侠气和重情义的特点。
ad6f62beedd1c8f2,江小彤,10017 | 10011,female,child,村民,天真 | 活泼 | 烂漫,94,ready,,确定人物设定：儿童女性角色，声线必须保持这一年龄与性别呈现。一位小女孩，声音清脆稚嫩，语速快，说话欢快活泼，带童真和无忧无虑的感觉。
49a2905d40b2a7ee,雅姑,19761,female,elderly,unknown,深情 | 哀伤 | 感恩,94,ready,,确定人物设定：老年女性角色，声线必须保持这一年龄与性别呈现。一位老年女性，音高较低，音色苍老而柔和，语速缓慢，力度轻柔，咬字清晰，情绪底色哀伤，带有深情的怀念感。
00679cae5693966b,方阔海,17107 | 19007 | 9002 | 17108,male,middle_aged,玄火教玄阴护法,忠心 | 好胜 | 易怒,92,ready,,确定人物设定：中年男性角色，声线必须保持这一年龄与性别呈现。一位中年男性武林护法，声音粗犷有力，音调中等，语速中等偏快，说话时带着挑衅和不甘的情绪，咬字清晰，气势十足。
89ee1d4a1bcff415,上官雨,19747,male,adult,江湖人士,怀旧,90,ready,,确定人物设定：成年男性角色，声线必须保持这一年龄与性别呈现。一位成年江湖人士，声音普通，语速中等，语气感慨，体现其怀旧情绪。
08fa2fc6366bf4ad,慕海棠,11700,female,middle_aged,青木画舫舫主,清丽 | 妩媚 | 沉稳,90,ready,,确定人物设定：中年女性角色，声线必须保持这一年龄与性别呈现。一位中年女性舫主，声音柔美，语速中等，咬字清晰，带有清丽妩媚感，性别呈现女性，年龄感中年。
b0e50580452f3551,圆难,5514 | 5502,male,elderly,少林寺罗汉堂首座,沉稳 | 慈悲 | 睿智,89,ready,,确定人物设定：老年男性角色，声线必须保持这一年龄与性别呈现。一位老年男性高僧，声音低沉浑厚，语速缓慢，咬字清晰，语气平和慈悲，带有长者的宽厚与智慧，常以阿弥陀佛开头，体现少林高僧的庄严与慈悲。
db12f8dd7471e532,红衣少女,10103 | 10116,female,young_adult,玄火教弟子,神秘 | 自信 | 强势,89,ready,,确定人物设定：青年女性角色，声线必须保持这一年龄与性别呈现。一位年轻女性，声音清亮甜美，语速中等，语气自信强势，带点傲气，透出神秘和武艺高强的感觉。
ff11d22a5ad90acd,总镖头李泰,11100,male,middle_aged,威远镖局总镖头,仗义 | 老练 | 谨慎,88,ready,,确定人物设定：中年男性角色，声线必须保持这一年龄与性别呈现。一位中年男性，声音浑厚，语速中等，咬字清晰稳重，情绪底色是沉稳老练，带有江湖人的仗义与谨慎。
44e803d7264fe365,玉华道长,5039,male,middle_aged,武当道长,强势 | 果断 | 有主见,87,ready,,确定人物设定：中年男性角色，声线必须保持这一年龄与性别呈现。一位中年男性，约四十至五十岁，声音洪亮而有力，音调中等，语速较快，说话强硬直接，情绪严厉而坚定，符合武当道长的身份。
9cd3251fd2b780c0,元鸣,5024,male,adult,武当弟子,有天赋 | 骄傲,85,ready,,确定人物设定：成年男性角色，声线必须保持这一年龄与性别呈现。一位成年武当弟子，性别不明，声音清朗，语速适中，咬字清晰，语气带傲气，有天赋的骄傲感。
4210d24ef80f1adb,杨六图,12506,male,middle_aged,苍岚村狄人首领,谦逊 | 有礼 | 务实,84,ready,,确定人物设定：中年男性角色，声线必须保持这一年龄与性别呈现。一位中年男性狄人首领，声音沉稳厚实，语速中等，咬字清晰但略带口音，情绪平和诚恳，有领导者的气度与对族人的温情。
b84c1b4c703af3f5,李清浊,19898,male,young_adult,蓬莱门人,钻研奇技 | 重情义,83,ready,,确定人物设定：青年男性角色，声线必须保持这一年龄与性别呈现。一位中性的江湖人士，声音清朗，带有书卷气，语速中等，咬字清晰，情绪热忱而专注，提及师门时带有敬重与执着。
6eada33723805198,王钧,10201,male,middle_aged,居民,好赌 | 有些窝囊 | 对妻子有愧疚,83,ready,,确定人物设定：中年男性角色，声线必须保持这一年龄与性别呈现。一位中年男性居民，声音略带沙哑，有些虚浮无力。语速中等，语气讨好，常带低声下气之感，情绪底色愧疚不安，咬字清晰但不够有力。
b33d8e2e3c8798ec,段履霜,19703,male,young_adult,长生殿生印令君,诚实稳重 | 严于律己,80,ready,,确定人物设定：青年男性角色，声线必须保持这一年龄与性别呈现。一位武林人士，声音沉稳，音调中等，语速适中，能量中等，咬字清晰稳重，情绪平和恭敬，带有正直可靠的气质。
66c4a4f02d4dd478,斩无刑,6505 | 17104 | 16018,male,young_adult,六扇门四大神捕之一,冷酷 | 寡言,78,ready,,确定人物设定：青年男性角色，声线必须保持这一年龄与性别呈现。性别不明，声音清冷，语速较快，咬字干脆利落，情绪底色冷漠而凌厉，体现神捕的冷酷与寡言。
0c7296c2712906ca,杜彪,17000 | 9502,male,middle_aged,江湖人士,嚣张 | 粗鲁 | 好斗,77,ready,,确定人物设定：中年男性角色，声线必须保持这一年龄与性别呈现。一位成年男性江湖人士，声音低沉粗犷，语速中等但充满攻击性，咬字用力，常带挑衅和威胁的语气，情绪底色是傲慢和凶狠。
9f04bd331c9332ed,程万清,16001,male,middle_aged,天水城程家堡二当家,武功名望不及兄长,77,ready,,确定人物设定：中年男性角色，声线必须保持这一年龄与性别呈现。一位中年男性武林人士，声音中等音高，语速适中，语气中带着一丝自傲和主人家的派头，咬字清晰。
de0c6fe42f044bf5,苦老,9004,male,elderly,玄火教长老,忠诚 | 坚定 | 老练,76,ready,,确定人物设定：老年男性角色，声线必须保持这一年龄与性别呈现。一位老年男性武林长老，声音低沉苍老，语速缓慢，语气沉稳坚定，咬字清晰，带有宗教般的虔诚和忠诚。
e54e0a50533e2b0d,褚无救,19705,male,elderly,长生殿病印令君,偏激 | 好辩,75,ready,,确定人物设定：老年男性角色，声线必须保持这一年龄与性别呈现。一位武林人士，声音略带阴沉，音调中等，语速适中，能量中等，咬字清晰，情绪偏激而专注，带有医者的深沉与执着。
976e2b262f7caf07,乌天瘤,16017,male,middle_aged,丐帮掌棒龙头,刚正不阿 | 严厉 | 豪爽,74,ready,,确定人物设定：中年男性角色，声线必须保持这一年龄与性别呈现。一位中年男性丐帮龙头，声音浑厚有力，语速适中，语气豪迈，咬字清晰，情绪豪爽而威严。
9cc9ff939aaaaba2,赫连辅弼,19821,male,elderly,将领,沉稳 | 果断 | 威严,74,ready,,确定人物设定：老年男性角色，声线必须保持这一年龄与性别呈现。一位成年男性将领，音高中等，音色浑厚有力，语速适中，力度中等，咬字清晰果断，情绪底色沉稳威严，带有将领的果断和威严感。
06706a42920d1ae3,五仙教长老巫虞,10033,female,young_adult,五仙教长老,年轻 | 受信任 | 果断,71,ready,,确定人物设定：青年女性角色，声线必须保持这一年龄与性别呈现。一位年轻的长老，性别未知，声音清亮，音高适中，语速适中，力度中等，咬字清晰，情绪底色坚定自信，带有教中长老的威严。
e19da81153dfffc2,侯九,7501,male,young_adult,丐帮弟子,不羁 | 好胜 | 多情,71,ready,,确定人物设定：青年男性角色，声线必须保持这一年龄与性别呈现。一位年轻男性，声音清朗，语速中等偏快，咬字清晰，情绪底色热情洒脱，体现丐帮弟子的不羁与好胜。
fd0104f3b87064a3,惊雷明使,9012,male,young_adult,玄火教惊雷明使,冷静 | 深沉 | 神秘,71,ready,,确定人物设定：青年男性角色，声线必须保持这一年龄与性别呈现。一位身份不明的玄火教惊雷明使，声音性别年龄未知，语气冷静深沉，语速缓慢，力度中等，咬字清晰，情绪底色是平静而神秘，说话简洁，常带深意，透出高深莫测的气质。
c0fc3ccb44e10a41,程德明,16000,male,middle_aged,天水城程家堡堡主,大善人 | 有声望,71,ready,,确定人物设定：中年男性角色，声线必须保持这一年龄与性别呈现。一位身份尊贵的武林世家堡主，声音沉稳有力，语速适中，咬字清晰，语气平和，带有长者的宽厚与威严。
aa7ce3a2db0971c7,杜芊芊,16003,female,young_adult,程家堡二当家之妻,温柔,70,ready,,确定人物设定：青年女性角色，声线必须保持这一年龄与性别呈现。一位女性，声音柔美，语速适中，语气温柔，带着对孩子的关切，情感细腻。
ccb7191c170f95da,巫婆婆,8511,female,elderly,五毒教长老,老练 | 谨慎 | 慈爱,69,ready,,确定人物设定：老年女性角色，声线必须保持这一年龄与性别呈现。一位年迈的女性武林前辈，声音低沉沙哑，语速缓慢，咬字清晰，语气中带着慈爱与谨慎，既有长者的威严，又有对后辈的关怀。
ddcbcb45690413cc,曹煜天,19105 | 45350,male,adult,unknown,野心勃勃 | 狂妄,67,ready,,确定人物设定：成年男性角色，声线必须保持这一年龄与性别呈现。一位成年男性，声音粗犷，音调较低，语速中等，力度较强，咬字清晰，情绪底色为狂妄，体现其野心勃勃的性格。
6daedca059f8cde4,赤鹰,8002 | 17106,male,middle_aged,unknown,犹豫 | 焦虑,67,ready,,确定人物设定：中年男性角色，声线必须保持这一年龄与性别呈现。一位性别不明的江湖人士，声音中等，语速中等，语气中带着犹豫和困惑，情绪基调为不安，咬字清晰。
98f5b8ba45f99632,十三鹰之苍鹰,10025,male,elderly,神鹰门冷血十三鹰之一,阴险 | 狠辣 | 自大,66,ready,,确定人物设定：老年男性角色，声线必须保持这一年龄与性别呈现。一位成年男性武林高手，声音低沉阴沉，语速较慢，力度中等，咬字清晰，情绪底色阴险狠辣，带有鹰爪功的锐利感。
bce00ded3bbfe1ec,惊雷暗使,9013,male,middle_aged,玄火教暗使,冷酷 | 决绝 | 忠诚,65,ready,,确定人物设定：中年男性角色，声线必须保持这一年龄与性别呈现。一位成年暗使，声音低沉阴冷，语速缓慢，语气冰冷，咬字清晰，带有威胁和决绝感。
d90e8ca26cbc70fc,朴世仁,19104,male,elderly,郎中,仁心 | 忧虑 | 细致,65,ready,,确定人物设定：老年男性角色，声线必须保持这一年龄与性别呈现。一位老年男性郎中，声音苍老，音调较低，语速较慢，力度较弱，咬字清晰，情绪底色为忧虑而温和，体现其仁心和细致。
a5f8eeb09d558d52,兆成,16209 | 16213 | 16214,male,adult,喽啰,胆小 | 卑微,63,ready,,确定人物设定：成年男性角色，声线必须保持这一年龄与性别呈现。一位成年男性喽啰，声音略带颤抖，语速较慢，语气畏缩卑微，带有恐惧和求饶的意味。
e4acf2f5266869f7,周嗣,17301 | 16014,male,young_adult,商贾之子,复仇心切 | 谨慎 | 愤懑,63,ready,,确定人物设定：青年男性角色，声线必须保持这一年龄与性别呈现。一位青年男性，声音中等音高，语速中等，音色略带沙哑，情绪底色悲愤而克制，咬字清晰，说话时带有压抑的仇恨和谨慎，符合商贾之子的身份。
d5ac44c269bbb1f4,李村长,10003,male,elderly,村长,公正 | 和善 | 稳重,63,ready,,确定人物设定：老年男性角色，声线必须保持这一年龄与性别呈现。一位老年男性村长，声音低沉浑厚，语速适中，说话稳重客气，带长者的宽厚和威严，情绪平和，偶尔流露对村务的无奈。
dd3777b1df83338d,村长-寨阿龙,12700,male,elderly,村长,苍老 | 怀旧 | 慈祥,63,ready,,确定人物设定：老年男性角色，声线必须保持这一年龄与性别呈现。一位老年男性村长，声音苍老沙哑，语速缓慢，咬字略带含糊，情绪沧桑感伤，带有怀旧与慈祥。
dd4861594546c240,柳麻衣,17009,male,elderly,郎中,医术精湛 | 世故 | 慷慨,63,ready,,确定人物设定：老年男性角色，声线必须保持这一年龄与性别呈现。一位老年男性郎中，声音低沉苍老，语速中等，咬字清晰稳重，情绪底色平和，有时透出老江湖的狡黠。
e6d141160400765c,宋仵作,10251,male,middle_aged,仵作,自傲 | 专业 | 敏锐,62,ready,,确定人物设定：中年男性角色，声线必须保持这一年龄与性别呈现。一位中年男性仵作，声音清朗，语速适中，语气自信，用词专业，常带分析，情绪冷静，整体给人自傲敏锐的感觉。
2f833427b9015e07,步婆婆,19850,female,elderly,大祭,沉稳 | 庄重 | 神秘,61,ready,,确定人物设定：老年女性角色，声线必须保持这一年龄与性别呈现。一位老年女性大祭，声音苍老沙哑，语速较慢，语气庄重平和，带神秘感。
4728b5d89a17227b,程管家,16011,male,middle_aged,管家,忠诚 | 感慨 | 谨慎,61,ready,,确定人物设定：中年男性角色，声线必须保持这一年龄与性别呈现。一位中年男性管家，声音沉稳，略带沧桑感，语速适中，咬字清晰，情绪上常带感慨和无奈，但保持恭敬和克制。
9d17e46e257dbd2c,说书的,17028,male,middle_aged,说书人,沉稳 | 健谈 | 世故,61,ready,,确定人物设定：中年男性角色，声线必须保持这一年龄与性别呈现。一位中年男性说书人，声音醇厚，语速适中，语调平缓，咬字清晰，带有说书人特有的抑扬顿挫和世故的感慨。
7fef008e81938574,元疆,12508,male,middle_aged,商人,精明 | 爽快 | 善于讨价还价,60,ready,,确定人物设定：中年男性角色，声线必须保持这一年龄与性别呈现。一位中年男性商人，声音圆润略带油滑，语速中等，咬字清晰，情绪热情而精明，善于推销和讨价还价。
538ccb857c5c3123,高伏骥,19704,male,elderly,长生殿老印令君,豪爽 | 豁达,60,ready,,确定人物设定：老年男性角色，声线必须保持这一年龄与性别呈现。一位老年男性，声音苍劲有力，音调较低，语速较快，能量较高，咬字清晰有力，情绪豪迈爽朗，常带笑声，显得豁达不羁。
f3ecf31a68c6907e,商颂,19808,male,middle_aged,天竺僧人,冷静 | 决绝 | 忠诚 | 矛盾,58,ready,,确定人物设定：中年男性角色，声线必须保持这一年龄与性别呈现。一位中年男性天竺僧人，声音清朗沉稳，语速中等，力度中等，咬字清晰，情绪底色是冷静与坚定，带有决断和矛盾，体现忠诚与决绝的性格。
6fc1fe4b1bbd6161,铁匠-大槌,10005,male,middle_aged,铁匠,爱吹牛 | 直率 | 有故事,57,ready,,确定人物设定：中年男性角色，声线必须保持这一年龄与性别呈现。一位中年男性铁匠，声音粗犷带点沙哑，语速中等，说话直爽，带点江湖气和感叹，有故事感。
d045f8518c4ee891,亮银锤-裴庆,16208,male,middle_aged,江湖人士,谦逊 | 重情义 | 有抱负,55,ready,,确定人物设定：中年男性角色，声线必须保持这一年龄与性别呈现。一位中年男性江湖人士，声音厚实稳重，语速适中，语气谦和诚恳，自称“老裴”或“在下”，带有自嘲和重情义的特点。
fc4d007eaf513a16,小雨,10254,female,child,小女孩,天真 | 活泼 | 机灵,55,ready,,确定人物设定：儿童女性角色，声线必须保持这一年龄与性别呈现。一位小女孩，声音清脆稚嫩，语速较快，语气活泼，充满童真，有时撒娇，情绪天真烂漫，整体给人活泼机灵的感觉。
b3309e4afb2cdd13,包闵,17003 | 9503,male,middle_aged,江湖人士,暴躁 | 无礼,54,ready,,确定人物设定：中年男性角色，声线必须保持这一年龄与性别呈现。一位成年男性江湖人士，声音低沉，语速较快，音色粗犷，咬字重，情绪底色愤怒和不耐烦，说话简短直接。
d6ab6df34309f77b,娄赴召,11515,male,middle_aged,武林高手,自信 | 豪迈 | 洒脱,54,ready,,确定人物设定：中年男性角色，声线必须保持这一年龄与性别呈现。一位中年男性武林高手，声音醇厚有磁性，语速中等，咬字清晰流畅，语气自信从容，带洒脱豪迈的江湖气息。
dec099a3710816ec,巫芸,8515,female,young_adult,五毒教成员,冷静 | 机智 | 独立,54,ready,,确定人物设定：青年女性角色，声线必须保持这一年龄与性别呈现。一位年轻女性五毒教成员，声音清冷而柔和，语速中等，语气冷静，说话时谨慎而带威胁，措辞中常带试探和算计。
1c3ab7c570f82331,栾琼,10277,female,middle_aged,unknown,温婉 | 感伤 | 坚韧,54,ready,,确定人物设定：中年女性角色，声线必须保持这一年龄与性别呈现。一位成年女性，声音柔美清亮，语速较慢，语气温婉而带感伤，用词文雅，情绪内敛，整体呈现大家闺秀的忧郁气质。
89334618c1c1503e,清风,5059 | 5040,male,young_adult,武当弟子,果断 | 有担当 | 决绝,54,ready,,确定人物设定：青年男性角色，声线必须保持这一年龄与性别呈现。一位年轻男性，约二十岁左右，声音清朗而坚定，音调中等，语速适中，说话有力，情绪坚定而决绝，符合武当弟子的身份。
f306c4dae209b46a,扫地老人,19962 | 19956,male,elderly,扫地老人,健忘 | 念旧 | 孤独,53,ready,,确定人物设定：老年男性角色，声线必须保持这一年龄与性别呈现。性别不明，年龄感为老年，音高偏低，音色苍老沙哑，语速缓慢，力度低，咬字含糊，情绪底色沧桑孤独，带有垂暮之人的气息。
ecdcd6e7c9977232,郎中-孙老,10001,male,elderly,大夫,睿智 | 仁厚 | 淡泊,53,ready,,确定人物设定：老年男性角色，声线必须保持这一年龄与性别呈现。一位老年男性大夫，声音低沉苍老，语速缓慢，语气平和，咬字清晰，带有睿智和仁厚。
825e03b6553fa21b,张文,11510,male,young_adult,六扇门弟子,忠诚 | 直率 | 略带冲动,52,ready,,确定人物设定：青年男性角色，声线必须保持这一年龄与性别呈现。一位年轻男性六扇门弟子，声音中等音高，语速偏快，音色清朗带活力，咬字清晰有力，情绪直接，带点年轻气盛。
f6a909c50037b74b,张樵夫,10038,male,middle_aged,樵夫,朴实 | 念旧 | 无奈,52,ready,,确定人物设定：中年男性角色，声线必须保持这一年龄与性别呈现。一位成年男性樵夫，声音朴实，音高适中，语速较慢，力度较低，咬字清晰，情绪底色朴实无奈，带有乡野的淳朴感。
f822c8e33bd5fc19,玉伯,10807,male,elderly,老者,深沉 | 沧桑 | 有故事,52,ready,,确定人物设定：老年男性角色，声线必须保持这一年龄与性别呈现。一位老年男性，声音低沉苍老，语速缓慢，咬字清晰但略带含糊，情绪底色是沧桑感慨，带有叹息和无奈。
7e3ae47a612f3f72,花灯小贩,17022,male,adult,小贩,精明 | 热情,52,ready,,确定人物设定：成年男性角色，声线必须保持这一年龄与性别呈现。一位成年男性小贩，声音洪亮，语速较快，咬字清晰，语气热情，带有吆喝和商贩的腔调。
dd9a6e362c8332e3,慧空,5509,male,young_adult,少林寺方丈亲传弟子,谦逊 | 沉稳 | 慈悲,51,ready,,确定人物设定：青年男性角色，声线必须保持这一年龄与性别呈现。一位年轻男性少林弟子，声音清朗温和，语速适中，语气谦和沉稳，用词得体，带有修行者的慈悲与智慧。
7c59e5e252f648a9,霸刀秦烈,10023,male,adult,江湖侠客,脾气暴躁 | 刀法出众 | 好胜 | 豪爽,51,ready,,确定人物设定：成年男性角色，声线必须保持这一年龄与性别呈现。一位成年男性江湖侠客，声音低沉粗犷，语速中等偏快，力度强，咬字清晰，情绪底色是暴躁豪爽，带有刀客的霸气。
6957fa0b9f77cec1,幻紫,10245,female,young_adult,五毒教弟子,俏皮 | 狡黠 | 自信,49,ready,,确定人物设定：青年女性角色，声线必须保持这一年龄与性别呈现。一位年轻女性五毒教弟子，声音清脆甜美，语速较快，语气俏皮，带撒娇感，常笑，咬字清晰，情绪底色俏皮而狡黠。
7a0dbbd6307c8b90,慧平,5504,male,young_adult,少林寺弟子,豪爽 | 直率 | 热心,49,ready,,确定人物设定：青年男性角色，声线必须保持这一年龄与性别呈现。一位年轻男性少林弟子，声音清朗明亮，语速较快，语气热情直率，带有年轻人的活力与豪气，体现习武之人的爽朗。
fc5b780763ae5ded,万花红,16021 | 9001,female,young_adult,玄火教疾风使,神秘 | 冷静 | 忠诚,48,ready,,确定人物设定：青年女性角色，声线必须保持这一年龄与性别呈现。一位年轻女性疾风使，声音清冷神秘，语速适中，语气冷静，咬字清晰，情绪冷静而忠诚。
7093be4b11ed2e82,天蜈使-罗妮刹,8508,female,adult,五灵使,温柔 | 关怀 | 沉稳,48,ready,,确定人物设定：成年女性角色，声线必须保持这一年龄与性别呈现。一位成年女性，声音柔和，音调中等，语速较慢，语气温柔关怀，咬字清晰，带有长辈般的沉稳。
0d74e4924f2b6387,朱九戒,45136,male,middle_aged,山贼,狂妄 | 狡诈 | 自大,48,ready,,确定人物设定：中年男性角色，声线必须保持这一年龄与性别呈现。一位中年男性山贼，声音低沉粗犷，语速中等，力度强，咬字有力，带着狂妄自大和狡诈的痞气，说话时充满威胁与利诱。
9b8e51193883b060,？？？,19403,male,adult,神秘高手,冷酷 | 傲慢 | 深藏不露,48,ready,,确定人物设定：成年男性角色，声线必须保持这一年龄与性别呈现。一位成年男性神秘高手，声音低沉沙哑，音调低，语速缓慢，咬字清晰而有力，情绪冷漠轻蔑，带有深藏不露的威胁感。
0d7ceae34a5a6d7a,乞丐,10203,male,elderly,乞丐,可怜 | 卑微,47,ready,,确定人物设定：老年男性角色，声线必须保持这一年龄与性别呈现。一位老年男性乞丐，声音苍老沙哑，带乞讨的颤音。语速缓慢，语气哀求，咬字含糊不清，情绪底色可怜卑微。
422fb1780f7d2d5d,智度上人,16022,male,middle_aged,西域番僧,高傲 | 强势,47,ready,,确定人物设定：中年男性角色，声线必须保持这一年龄与性别呈现。一位中年男性番僧，声音低沉浑厚，语速慢，语气傲慢，咬字清晰，情绪高傲而强势，带威胁感。
b1c2d5bd7b068443,疯乞丐,19959 | 19964,male,elderly,乞丐,疯癫,47,ready,,确定人物设定：老年男性角色，声线必须保持这一年龄与性别呈现。一位男性乞丐，声音沙哑，语速快，咬字含糊，情绪疯癫，带有狡黠感。
c652e103a8f88253,霍长青,10804,female,young_adult,江湖侠客,豪爽 | 感恩 | 直率,47,ready,,确定人物设定：青年女性角色，声线必须保持这一年龄与性别呈现。一位年轻女性江湖侠客，声音清亮有力，语速中等偏快，咬字干脆利落，情绪底色是豪爽热情，带有行走江湖的自信与洒脱。
b1d2adb83075ca47,李捕快,10250,male,middle_aged,六扇门捕快,圆滑 | 世故 | 温和,46,ready,,确定人物设定：中年男性角色，声线必须保持这一年龄与性别呈现。一位中年男性捕快，声音沉稳，语速适中，语气圆滑世故，常带安抚和劝解，情绪平和，整体给人圆滑温和的感觉。
52ee42a73aee3923,武当弟子,5001 | 5000 | 5009 | 40000,male,young_adult,武当弟子,侠义 | 恭敬,46,ready,,确定人物设定：青年男性角色，声线必须保持这一年龄与性别呈现。一位年轻的武当弟子，性别不明，声音清朗，语速适中，咬字清晰，情绪平和，带有恭敬和侠义感。
ad3cc6801e543ce5,烈火使-张宏炎,9006,male,adult,玄火教烈火使,狂热 | 忠诚 | 勇猛,46,ready,,确定人物设定：成年男性角色，声线必须保持这一年龄与性别呈现。一位成年男性烈火使，声音洪亮有力，语速较快，语气激昂，咬字清晰，带有狂热的忠诚和勇猛。
5613199fe5757658,赵武,11511,male,young_adult,六扇门弟子,严肃 | 谨慎 | 带点抱怨,46,ready,,确定人物设定：青年男性角色，声线必须保持这一年龄与性别呈现。一位年轻男性六扇门弟子，声音中等音高，语速中等，音色沉稳带点沙哑，咬字清晰稳重，情绪严肃，偶尔带点抱怨。
7c68ea360a6a49f7,陆博枭,10310,male,middle_aged,赌坊棋手,豪爽 | 市侩 | 狡黠,46,ready,,确定人物设定：中年男性角色，声线必须保持这一年龄与性别呈现。一位中年男性江湖赌徒，声音低沉粗犷，语速中等偏快，力度较强，咬字干脆，带有市井痞气，情绪张扬自信，偶尔挑衅。
1c9a4770b9a4ed4e,肖剑声,11200 | 11204,male,middle_aged,天剑宗掌门,自信 | 克制,45,ready,,确定人物设定：中年男性角色，声线必须保持这一年龄与性别呈现。一位中年男性武林掌门，声音沉稳有力，语速中等，咬字清晰，带有自信和威严感，但不过分张扬。
0597aad9edd45710,副将-徐海,19102,male,adult,副将,严肃 | 果断,44,ready,,确定人物设定：成年男性角色，声线必须保持这一年龄与性别呈现。一位成年男性副将，声音浑厚，音调较低，语速中等，力度较强，咬字清晰，情绪底色为严肃，体现其果断和威严。
62b3dbfcb53109b9,跛足老道,10401,male,elderly,神秘老道,深沉 | 神秘 | 恩怨分明,44,ready,,确定人物设定：老年男性角色，声线必须保持这一年龄与性别呈现。一位老年男性道士，声音低沉苍老，语速缓慢，力度中等，咬字清晰稳重，情绪深沉内敛，带神秘感。
9bd2428f1c50c270,打手,10205 | 10206 | 10276 | 10275,male,adult,打手,凶悍 | 粗暴,41,ready,,确定人物设定：成年男性角色，声线必须保持这一年龄与性别呈现。一位成年男性打手，声音粗犷，带威胁感。语速快，语气凶狠，咬字有力但粗鲁，情绪底色凶狠不耐烦。
bbda2a1cb9f9abd2,百晓生,10044 | 10247 | 10130,male,middle_aged,江湖术士,神秘 | 世故 | 圆滑,41,ready,,确定人物设定：中年男性角色，声线必须保持这一年龄与性别呈现。一位成年男性江湖术士，声音略带沙哑，音高适中，语速较慢，力度较低，咬字清晰，情绪底色神秘圆滑，带有算命先生的故弄玄虚。
44fd0bdb40f80403,丫鬟,17101 | 6011,female,young_adult,丫鬟,忠诚 | 体贴,40,ready,,确定人物设定：青年女性角色，声线必须保持这一年龄与性别呈现。一位年轻女性丫鬟，声音清亮，音调偏高，语速适中，语气中带着关切和体贴。
3e324f353373f92d,古成非,19201,male,adult,江湖人士,豪爽 | 幽默 | 重情义,40,ready,,确定人物设定：成年男性角色，声线必须保持这一年龄与性别呈现。一位成年男性江湖人士，声音中等音高，语速适中，语气亲切而豪迈，咬字清晰，带有侠客的洒脱与长者的宽厚。
01a0360140b7e3d1,穆婆婆,16037,female,elderly,unknown,暴躁 | 不耐烦,40,ready,,确定人物设定：老年女性角色，声线必须保持这一年龄与性别呈现。一位老年女性，声音苍老沙哑，音调较低，语速较慢，说话粗暴简短，带着命令式的口吻，咬字清晰有力，充满愤怒和不耐烦的情绪。
430390de2975e82e,仇无道,6506 | 17103,male,middle_aged,六扇门捕快,豪爽 | 粗犷 | 乐观,39,ready,,确定人物设定：中年男性角色，声线必须保持这一年龄与性别呈现。一位中年男性，声音粗犷，语速中等，咬字清晰，情绪底色热情直率，带有江湖豪杰的爽朗与粗犷。
395b63042f03cf5f,皇后,19823,female,adult,皇后,威严 | 机智 | 果断,39,ready,,确定人物设定：成年女性角色，声线必须保持这一年龄与性别呈现。一位成年女性皇后，音高中等，音色清亮而略带磁性，语速适中，力度中等，咬字清晰优雅，情绪底色威严而从容，带有上位者的气度和机智。
b90697532f9c38ce,路达,19851,male,elderly,岛民,豪爽 | 热情 | 直率,39,ready,,确定人物设定：老年男性角色，声线必须保持这一年龄与性别呈现。一位老年男性岛民，声音洪亮粗犷，语速较快，语气豪迈热情，带乡土口音，用词亲切。
7d20d13ab8129145,吕奉贤,17011,male,elderly,乡绅,慈爱 | 焦虑 | 传统,38,ready,,确定人物设定：老年男性角色，声线必须保持这一年龄与性别呈现。一位老年男性乡绅，声音低沉苍老，语速较慢，咬字清晰稳重，情绪底色慈爱，有时透出焦虑。
fc0a76c553eeb2b7,胡商安东尼,16030,male,middle_aged,商人,热情 | 精明 | 健谈,37,ready,,确定人物设定：中年男性角色，声线必须保持这一年龄与性别呈现。一位中年男性，声音浑厚，音调中等，语速较快，说话热情洋溢，喜欢用感叹词，带有异域口音，咬字清晰但有些生硬，充满商人的精明和友好。
816152100adaf2fa,郎中-张老,10219,male,elderly,大夫,医术高超 | 直率 | 略带急躁,37,ready,,确定人物设定：老年男性角色，声线必须保持这一年龄与性别呈现。一位老年男性大夫，声音温厚略带苍老，语速中等，语气直接自信，有时显得急躁，咬字清晰稳重。
c46780961824df24,陈长老,7507,male,elderly,丐帮长老,威严 | 老练 | 果断,36,ready,,确定人物设定：老年男性角色，声线必须保持这一年龄与性别呈现。一位老年男性丐帮长老，声音苍老而浑厚，语速中等，语气威严，说话时果断有力，常打断他人，带有长者的权威和江湖老练。
7e2c88ab0a6b2f2f,清虚,5038,male,middle_aged,武当掌门,沉稳 | 内敛 | 有决断,35,ready,,确定人物设定：中年男性角色，声线必须保持这一年龄与性别呈现。一位中年男性，约四十至五十岁，声音温厚而略带沧桑，音调中等，语速适中，说话沉稳，措辞谨慎，常带叹息，情绪平和但隐含忧虑，符合武当掌门的身份。
dcd232b5db4bd3b1,覆海蛟,45399,male,adult,水贼头目,狡猾 | 阴险 | 有谋略,35,ready,,确定人物设定：成年男性角色，声线必须保持这一年龄与性别呈现。一位成年男性水贼头目，声音低沉，语速较慢，咬字清晰，语气沉稳，善于算计，带有阴冷感。
a179c2d8d70a90c1,圆苦,5503,male,elderly,少林寺达摩院首座,潜心佛法 | 谦逊 | 慈悲,34,ready,,确定人物设定：老年男性角色，声线必须保持这一年龄与性别呈现。一位老年男性高僧，声音低沉温和，语速适中，咬字清晰，语气谦逊平和，常引用佛法，体现修行者的淡泊与智慧。
a7254ed449d7a45c,峋谷关守卫,19100 | 45223 | 28255 | 28256,male,young_adult,守卫,尽责 | 恭敬 | 谨慎,34,ready,,确定人物设定：青年男性角色，声线必须保持这一年龄与性别呈现。一位成年男性守卫，声音沉稳，音调中等，语速中等，力度适中，咬字清晰，情绪底色为恭敬而谨慎，体现其尽责和军人的严谨。
2f28d5f933cb8dde,魏必来,16203,male,young_adult,村民,谦卑 | 上进 | 崇拜,34,ready,,确定人物设定：青年男性角色，声线必须保持这一年龄与性别呈现。一位青年男性村民，声音清亮，语速适中，语气恭敬而谦卑，咬字清晰，带有对侠士的崇拜和恳求。
d0515f69249275c1,丐帮弟子,10020 | 7505 | 19108 | 45209,male,young_adult,丐帮弟子,随遇而安,33,ready,,确定人物设定：青年男性角色，声线必须保持这一年龄与性别呈现。一位丐帮弟子，性别和年龄未知，声音中等音高，语速适中，力度较低，音色普通，咬字清晰，情绪底色平淡，带有随遇而安的江湖气息。
98875c4269e3a239,萧大爷,17024,male,elderly,厨师,慈祥 | 豁达,33,ready,,确定人物设定：老年男性角色，声线必须保持这一年龄与性别呈现。一位老年男性厨师，声音苍老，语速较慢，咬字清晰，语气和蔼，带有长者的慈祥和豁达。
e78dbffb585f9039,赵硕,19405,male,adult,大渊官员,狡诈 | 傲慢 | 功利,33,ready,,确定人物设定：成年男性角色，声线必须保持这一年龄与性别呈现。一位成年男性大渊官员，声音中等音调，语速适中，咬字清晰，语气圆滑带官腔，情绪傲慢而狡诈，带有功利和威胁感。
4337c62cf5711752,郎中-魏老,10125,male,elderly,大夫,沉稳 | 博学,33,ready,,确定人物设定：老年男性角色，声线必须保持这一年龄与性别呈现。一位老年男性大夫，声音温厚苍老，语速适中，咬字清晰稳重，语气沉稳文雅，情绪平和从容。
b56148162618feb7,陈麻子,10207,male,adult,博坊扛把子,蛮横 | 有威慑力,33,ready,,确定人物设定：成年男性角色，声线必须保持这一年龄与性别呈现。一位成年男性博坊扛把子，声音低沉，带压迫感。语速中等，语气蛮横，咬字清晰有力，情绪底色霸道。
4c633d709fb07191,副总镖头,11101,male,middle_aged,威远镖局副总镖头,精明 | 务实,32,ready,,确定人物设定：中年男性角色，声线必须保持这一年龄与性别呈现。一位中年男性，声音沉稳，语速中等，咬字清晰，情绪平和，带有生意人的精明与务实。
026cddedc6bc9271,慕信,19983,female,young_adult,慕家弟子,谨慎 | 博学,32,ready,,确定人物设定：青年女性角色，声线必须保持这一年龄与性别呈现。一位性别不明、年龄中等的角色，声音谨慎，语速中等，力度适中，咬字清楚，情绪谨慎而博学，带有学者的沉稳。
b671b916c9e5eaf2,沙权贾,17004 | 9501,male,middle_aged,江湖人士,冷静 | 威严,32,ready,,确定人物设定：中年男性角色，声线必须保持这一年龄与性别呈现。一位成年男性江湖人士，声音低沉浑厚，语速中等，咬字清晰有力，情绪底色严肃和警惕，说话带有质问感。
337ffc2d3351f206,清河村村长,10700,male,elderly,村长,忧心 | 无奈,32,ready,,确定人物设定：老年男性角色，声线必须保持这一年龄与性别呈现。一位老年男性村长，声音苍老而略带沙哑，语速较慢，音调偏低，咬字清晰稳重，情绪忧虑而无奈，带有长者的沉重感。
cf06ecc38842309c,祝由,12605,male,middle_aged,神火堂堂主,干练 | 直率 | 专业,32,ready,,确定人物设定：中年男性角色，声线必须保持这一年龄与性别呈现。一位中年男性堂主，声音清晰有力，语速中等，咬字清晰，情绪专业自信，条理分明，有权威感。
2132b8f108b72705,龚进,12007,male,elderly,丐帮长老,豪爽 | 直率,32,ready,,确定人物设定：老年男性角色，声线必须保持这一年龄与性别呈现。一位老年男性丐帮长老，声音低沉沙哑，语速中等，咬字清晰，情绪豪迈，带有江湖老手的直率感。
508fbb132b3fe6f2,？？？,12016,female,young_adult,unknown,哀怨 | 刚烈 | 神秘,32,ready,,确定人物设定：青年女性角色，声线必须保持这一年龄与性别呈现。一位成年女性，声音清亮而带哀怨，语速中等，咬字清晰，自称奴，语气中常含哀怨与激愤，时而冷笑，透出刚烈与神秘。
622c6919ec608c2c,神算子,16210,male,elderly,unknown,狡猾 | 贪婪 | 自负,31,ready,,确定人物设定：老年男性角色，声线必须保持这一年龄与性别呈现。一位老年男性，声音略带沙哑，语速中等，咬字清晰，语气圆滑，自称老夫，时而威胁，透出狡猾与贪婪。
a4f86c912e3768ce,铁匠-张海,10217 | 10281,male,middle_aged,铁匠,朴实 | 热心 | 专业,31,ready,,确定人物设定：中年男性角色，声线必须保持这一年龄与性别呈现。一位中年男性铁匠，声音浑厚有力，语速适中，语气诚恳热情，说话带有工匠的实在感，咬字清晰稳重。
643d95ce64e78d66,青云主人,19843 | 19863 | 19875,male,elderly,隐士,孤傲 | 深沉 | 沧桑,31,ready,,确定人物设定：老年男性角色，声线必须保持这一年龄与性别呈现。一位老年隐士，性别不明，音高较低，音色低沉沙哑，语速缓慢，力度低，咬字清晰而缓慢，情绪底色孤傲而沧桑，带有隐士的深沉和孤傲感。
13910c63ec0f9f1e,吴氏,11913,female,elderly,unknown,严厉 | 病弱,30,ready,,确定人物设定：老年女性角色，声线必须保持这一年龄与性别呈现。一位老年女性，声音低沉苍老，语速缓慢，说话时带有咳嗽，语气严厉，透露出病弱和长辈的威严。
e69ced0d730350ca,天魔迦摩,19800,male,middle_aged,天竺僧人,深沉 | 傲慢 | 冷酷 | 哲思,30,ready,,确定人物设定：中年男性角色，声线必须保持这一年龄与性别呈现。一位中年男性天竺僧人，声音低沉浑厚，语速缓慢，力度中等，咬字清晰，情绪底色是冷漠与自信，带有哲思和威胁感，体现高深莫测的武林高手气质。
145d90545b07c032,灵蛛使-君九阴,8509,female,young_adult,五灵使,冷静 | 谨慎 | 有耐心,30,ready,,确定人物设定：青年女性角色，声线必须保持这一年龄与性别呈现。一位五仙教五灵使，性别不明，声音清冷，音调中等，语速较慢，语气冷静克制，咬字清晰，带有哲理性。
2e388b05c7cae56b,赛金花,10220,female,middle_aged,老板娘,精明 | 世故 | 热情,30,ready,,确定人物设定：中年女性角色，声线必须保持这一年龄与性别呈现。一位中年女性老板娘，声音圆润略带磁性，语速适中，语气热情世故，说话带着风尘女子的圆滑和精明。
b45da4d671916674,千钧棍-万彪,16207,male,middle_aged,江湖人士,豪爽 | 直率 | 重义气,29,ready,,确定人物设定：中年男性角色，声线必须保持这一年龄与性别呈现。一位中年男性江湖人士，声音粗犷沙哑，语速较快，语气直爽豪迈，常自称“老万”，带有草莽英雄的豪气与仗义感。
636f3755fbb4cc80,厂卫弟子,19722,male,young_adult,厂卫精英,恭敬 | 机敏,29,ready,,确定人物设定：青年男性角色，声线必须保持这一年龄与性别呈现。一位成年男性厂卫弟子，声音普通，语速中等，语气恭敬，措辞得体，带奉承之意，体现其机敏和圆滑。
99b72bcb6cd464f6,慧达,5505,male,young_adult,少林寺弟子,文雅 | 内敛 | 执着,29,ready,,确定人物设定：青年男性角色，声线必须保持这一年龄与性别呈现。一位年轻男性少林弟子，声音清润柔和，语速适中，语气温和文雅，用词典雅，带有书卷气，体现对音律的热爱与内敛的性格。
a472002a248b035e,赵严,19833,male,middle_aged,提举,豪爽 | 正义,29,ready,,确定人物设定：中年男性角色，声线必须保持这一年龄与性别呈现。一位中年男性，音高较低，音色浑厚，语速中等，力度高，咬字清晰，情绪底色豪爽，带有官场人物的威严感。
0bf9c2267bf7e4ff,陆仁甲,17018,male,middle_aged,平民,热心 | 好奇,29,ready,,确定人物设定：中年男性角色，声线必须保持这一年龄与性别呈现。一位成年男性平民，声音普通，语速中等，咬字清晰，语气随意，带有热心和好奇的情绪。
a60c3e1cd1988d32,陈武,19006,male,middle_aged,unknown,,29,ready,,确定人物设定：中年男性角色，声线必须保持这一年龄与性别呈现。一位性别不明、年龄不详的武侠角色，声音中性，音调中等，语速中等，力度较弱，咬字模糊，情绪底色为疲惫或不适，带有轻微的咳嗽声。
289e7f22e16dfd5d,王氏,10202,female,middle_aged,居民,贤惠 | 坚韧 | 无奈,28,ready,,确定人物设定：中年女性角色，声线必须保持这一年龄与性别呈现。一位中年女性居民，声音柔和，带点沙哑。语速中等偏慢，语气温和，常带哀愁无奈之感，咬字清晰温婉，情绪底色低沉。
e80f63f5163bd478,铁蛋,10701,male,young_adult,村民,憨直 | 孝顺 | 勤快,28,ready,,确定人物设定：青年男性角色，声线必须保持这一年龄与性别呈现。一位年轻男性村民，声音年轻而略带粗犷，语速较快，音调中等，咬字清晰自然，情绪热情直率，带有乡土口音和憨直感。
6c8fc5b354df918a,龙鼎天,11902,male,middle_aged,武馆馆主,豪爽 | 直率 | 火爆,28,ready,,确定人物设定：中年男性角色，声线必须保持这一年龄与性别呈现。一位中年男性，声音粗犷，音调偏低，语速快，语气豪爽直率，带江湖气，体现武馆馆主的火爆性格。
f22551dd898ac9f8,意见欲,19806,female,adult,天竺僧人,妩媚 | 狡黠 | 玩味 | 洞察,27,ready,,确定人物设定：成年女性角色，声线必须保持这一年龄与性别呈现。一位成年女性天竺僧人，声音柔美而带磁性，音高较高，语速中等，力度中等，咬字清晰圆润，情绪底色是妩媚与玩味，常带笑声，体现狡黠洞察的性格。
bc90355f63116a72,李天宝,10204,male,middle_aged,富商,好色 | 轻浮,27,ready,,确定人物设定：中年男性角色，声线必须保持这一年龄与性别呈现。一位中年男性富商，声音圆滑，带点油腻。语速中等，语气轻佻，咬字清晰但油腔滑调，情绪底色轻浮得意。
304e965c5c10bef0,琢玉楼掌事,19977,male,elderly,琢玉楼掌事,专业 | 热情,27,ready,,确定人物设定：老年男性角色，声线必须保持这一年龄与性别呈现。一位中年或老年角色，性别不明，声音中性偏成熟，音色清晰，语速中等，力度适中，咬字清楚，情绪热情而专业，带有工匠的专注与自豪感。
5973337e0a994094,白无言,19707,male,adult,苗疆人士,温和 | 内敛 | 好奇,27,ready,,确定人物设定：成年男性角色，声线必须保持这一年龄与性别呈现。一位成年男性苗疆人士，声音温润，音调中等，语速适中，咬字清晰，语气平和，情绪内敛而好奇，带有温和的幽默感。
bd1746f50584e37f,元辰,5027,male,young_adult,武当弟子,温文尔雅 | 细心 | 关心他人,26,ready,,确定人物设定：青年男性角色，声线必须保持这一年龄与性别呈现。一位年轻男性武当弟子，声音温润清雅，语速适中，措辞温和有礼，带着书卷气，情绪平和友善，咬字清晰柔和。
6da04180ebf2c1fc,兰儿,10705,female,young_adult,失忆少女,温柔 | 坚强 | 感恩,26,ready,,确定人物设定：青年女性角色，声线必须保持这一年龄与性别呈现。一位年轻女性，声音清亮，语速中等，音调偏高，咬字清晰，情绪温柔而坚定，带有少女的清亮和感恩之情。
cb3c809f745bd5a6,名剑弟子,17114 | 19727,male,young_adult,名剑山庄弟子,忠诚 | 热血,26,ready,,确定人物设定：青年男性角色，声线必须保持这一年龄与性别呈现。一位年轻的名剑山庄弟子，声音清亮，音调中等，语速中等，说话直接，带有担忧和激昂的情绪。
8ae967f3f9b6cf71,四大恶人之包闵,10027 | 10019,male,middle_aged,四大恶人之一,力大无穷 | 怨念颇深 | 暴躁 | 好胜,26,ready,,确定人物设定：中年男性角色，声线必须保持这一年龄与性别呈现。一位成年男性武林恶人，声音低沉粗犷，语速较快，力度强，咬字有力，情绪底色是暴躁好胜，带有江湖草莽的豪横感。
67deeaa53702f77b,小白鼠,19832,nonhuman,ageless,nonhuman,活泼,26,ready,,确定人物设定：超越常人年龄感的角色，声线必须保持这一年龄与性别呈现。一只白猿，非人类，音高较高，音色尖锐，语速快，力度高，咬字不适用，情绪底色活泼，带有动物的灵动感。
6bc1d077340af888,杨奥,19899,male,young_adult,书生,观察敏锐,26,ready,,确定人物设定：青年男性角色，声线必须保持这一年龄与性别呈现。一位书生，声音清朗平和，语速平缓，咬字清晰，情绪平静，带有观察者的沉稳。
6a0a4fbacea16f75,玄火力士,45251 | 45252,male,young_adult,玄火教弟子,傲慢 | 排外 | 警惕,26,ready,,确定人物设定：青年男性角色，声线必须保持这一年龄与性别呈现。一位成年男性玄火教弟子，声音刚硬，语速中等，力度强，咬字清晰，带着傲慢和排外的态度，说话时充满敌意和警告。
925ef63b386feabe,隆村长,19600,male,elderly,村长,慈祥 | 忧虑 | 感恩,26,ready,,确定人物设定：老年男性角色，声线必须保持这一年龄与性别呈现。一位老年村长，声音苍老，语速缓慢，语气慈祥而忧虑，说话时带叹息，体现对儿子的担忧和感恩。
47979b23dfc28969,黑无常,19106,male,ageless,黑无常,神秘 | 冷静,26,ready,,确定人物设定：超越常人年龄感的男性角色，声线必须保持这一年龄与性别呈现。一位性别不明、年龄不详的黑无常，声音低沉，音调较低，语速较慢，力度较弱，咬字清晰，情绪底色为冷静，体现其神秘和冷静。
3c0d5ad3d52953cc,刘小姐,10208,female,young_adult,知府之女,勇敢 | 痴情 | 无奈,25,ready,,确定人物设定：青年女性角色，声线必须保持这一年龄与性别呈现。一位年轻女性知府之女，声音清亮柔美。语速中等，语气温婉，常带哀求无奈之感，咬字清晰温婉，情绪底色哀愁。
9c95557f3762b262,将军府守卫,19101 | 45226,male,middle_aged,守卫,忠诚 | 敬佩,25,ready,,确定人物设定：中年男性角色，声线必须保持这一年龄与性别呈现。一位成年男性守卫，声音沉稳，音调中等，语速中等，力度适中，咬字清晰，情绪底色为敬佩，体现其对将军的忠诚和敬意。
c1f226d64080e65c,小倩,10256,female,young_adult,平民女子,痴情 | 温柔 | 坚定,25,ready,,确定人物设定：青年女性角色，声线必须保持这一年龄与性别呈现。一位年轻女性，声音柔美，语速适中，语气温柔，常带情感，有时激动，情绪痴情坚定，整体给人温柔痴情的感觉。
da83688ee58d96da,小琼,16010,female,young_adult,unknown,天真,25,ready,,确定人物设定：青年女性角色，声线必须保持这一年龄与性别呈现。一位年轻人，声音清脆，语速适中，语气天真，带着期待和纯真。
31bef4df8c55f6c9,慕家弟子,19957 | 19984 | 19966 | 19971,male,young_adult,慕家弟子,忠诚,25,ready,,确定人物设定：青年男性角色，声线必须保持这一年龄与性别呈现。一位慕家弟子，声音清朗，语速中等，咬字清晰，情绪恭敬，带有弟子的谦逊。
e41696ab43b674ee,斗笠人,45544,male,adult,unknown,沉默寡言 | 神秘,25,ready,,确定人物设定：成年男性角色，声线必须保持这一年龄与性别呈现。一位身份不明的斗笠人，性别不明，年龄感模糊。声音低沉沙哑，语速缓慢，说话断断续续，仿佛在隐藏什么或身受重伤。咬字含糊，情绪底色神秘而压抑，带有江湖中人的警惕与隐忍。
c9329e87ab088b75,耀电使-李怀熙,9007,male,adult,玄火教耀电使,沉稳 | 忠诚 | 内敛,25,ready,,确定人物设定：成年男性角色，声线必须保持这一年龄与性别呈现。一位成年男性耀电使，声音清朗沉稳，语速适中，语气平和，咬字清晰，带有理性和忠诚。
dbfe4226e806c18a,阚隙德,17019,male,young_adult,平民,低调 | 忧虑,25,ready,,确定人物设定：青年男性角色，声线必须保持这一年龄与性别呈现。一位成年男性平民，声音普通，语速中等，咬字清晰，语气简短，带有忧虑的情绪。
1b6a3cb1f2b5540b,陈老头,19200,male,elderly,村民,慈祥 | 热心,25,ready,,确定人物设定：老年男性角色，声线必须保持这一年龄与性别呈现。一位老年男性村民，声音低沉，语速缓慢，音色苍老沙哑，咬字清晰但略带含糊，语气和蔼可亲，带有长辈的慈祥感。
62c0075bf6325ce1,六扇门捕快,17402 | 19880 | 17403,male,young_adult,捕快,谨慎 | 细致,24,ready,,确定人物设定：青年男性角色，声线必须保持这一年龄与性别呈现。一位青年男性，声音中等音高，语速中等，音色略带犹豫，咬字清晰，情绪谨慎，符合六扇门捕快的身份。
7ee97e0b088cf3b6,周婶,10305,female,middle_aged,unknown,刻薄 | 精明 | 八卦,24,ready,,确定人物设定：中年女性角色，声线必须保持这一年龄与性别呈现。一位中年女性，声音尖利，语速快，语气刻薄而精明，爱说闲话，整体呈现市井长舌妇的形象。
af5cd4cf45d8ac2c,小娥,16205,female,young_adult,村民,温柔 | 善良 | 担忧,24,ready,,确定人物设定：青年女性角色，声线必须保持这一年龄与性别呈现。一位青年女性村民，声音柔美，音调较高，语速适中，语气温柔而关切，咬字清晰，带有善良和担忧的情绪。
eb825f4971362896,慕勇,19980,male,young_adult,慕家弟子,直率 | 坦诚,24,ready,,确定人物设定：青年男性角色，声线必须保持这一年龄与性别呈现。一位性别不明、年龄中等的角色，声音清晰，语速中等，力度适中，咬字清楚，情绪直率而坦诚，带有武人的爽朗。
e8891326af542202,武馆师弟,10226,male,young_adult,武馆弟子,好胜 | 活泼 | 敬仰,24,ready,,确定人物设定：青年男性角色，声线必须保持这一年龄与性别呈现。一位年轻男性武馆弟子，声音高亢，语速较快，音色清亮，咬字清晰，情绪热情，带着好胜和活泼的劲头，偶尔有稚气。
a6ce1df553f09cc2,眼见喜,19802,male,elderly,天竺僧人,豁达 | 幽默 | 随性 | 洞察,24,ready,,确定人物设定：老年男性角色，声线必须保持这一年龄与性别呈现。一位老年男性天竺僧人，声音略带沙哑，有苍老感，语速中等，力度中等，咬字清晰但带口音，情绪底色是轻松与玩味，常带笑声和咳嗽，体现豁达幽默的性格。
6e281de51428a3cf,老媪,16038,female,elderly,unknown,刚烈 | 直率 | 高傲,24,ready,,确定人物设定：老年女性角色，声线必须保持这一年龄与性别呈现。一位老年女性，声音苍老而有力，语速中等，咬字清晰，语气强硬，自称老太婆，言辞犀利，透出刚烈与高傲。
729c7d40e146be1a,阴阳司主,45925,unknown,unknown,阴阳司主,慌乱 | 焦虑,24,ready,,一位阴阳司主，声音中性偏尖，语速较快，能量较高，咬字清晰但急促，情绪底色是慌乱和焦虑，带有领导者的威严但此刻失控。
9623ecb462883f0d,鲁凯,19852,male,middle_aged,工匠,沉稳 | 专注 | 自豪,24,ready,,确定人物设定：中年男性角色，声线必须保持这一年龄与性别呈现。一位中年男性工匠，声音普通，语速适中，语气沉稳自豪，用词专业。
f07c2e2558719540,丘掌柜,17002 | 17038,male,middle_aged,掌柜,精明 | 圆滑 | 热情,23,ready,,确定人物设定：中年男性角色，声线必须保持这一年龄与性别呈现。一位中年男性掌柜，声音中等音高，语速适中，音色圆润，咬字清晰流畅，情绪底色热情，有时透出商人的精明。
960fda76d27f4913,去年花,19953,female,young_adult,慕家剑客,冷傲 | 机敏,23,ready,,确定人物设定：青年女性角色，声线必须保持这一年龄与性别呈现。一位年轻女性剑客，声音清冷而略带磁性，语速中等，咬字清晰利落，情绪冷静疏离，带有剑客的锐利。
e5fb68a17076ce03,李胡子,16408,male,middle_aged,村民,急躁 | 担忧 | 重情,23,ready,,确定人物设定：中年男性角色，声线必须保持这一年龄与性别呈现。一位中年男性村民，声音粗犷，语速较快，力度较强，咬字清晰，情绪底色急躁而担忧，对孙子安危表现出急切和关心，有时带有迟疑。
1b83ab534a39f027,水匪头目,12901,male,adult,水匪头目,狂妄 | 狡猾 | 凶悍,23,ready,,确定人物设定：成年男性角色，声线必须保持这一年龄与性别呈现。一位成年男性水匪头目，声音低沉粗犷，语速中等，咬字清晰，语气嚣张，自称老子，面对强敌时透出心虚和狡猾。
76260e26dcb87097,王员外,10274,male,middle_aged,员外,精明 | 商人,23,ready,,确定人物设定：中年男性角色，声线必须保持这一年龄与性别呈现。一位中年男性员外，声音中等音高，音色圆润，语速中等，能量中等，语气圆滑精明，咬字清晰，带有商人气息。
cc84748f457fa7fb,甘泉村村长,16200,male,elderly,村长,感恩 | 忧虑 | 敬仰,23,ready,,确定人物设定：老年男性角色，声线必须保持这一年龄与性别呈现。一位老年男性村长，声音苍老但有力，语速适中，语气恭敬而恳切，咬字清晰，带有对侠士的敬仰和忧虑。
a8ca4ff41e0d7135,赵启志,10000,male,child,村民,天真 | 活泼 | 孝顺,23,ready,,确定人物设定：儿童男性角色，声线必须保持这一年龄与性别呈现。一位年幼的男孩，声音清脆高亢，语速较快，语气活泼天真，咬字清晰，带有童真和孝顺。
1b1fc1a44c001b4f,天鸣村村长,11400,male,elderly,村长,感恩 | 无奈 | 朴实,22,ready,,确定人物设定：老年男性角色，声线必须保持这一年龄与性别呈现。一位老年男性村长，声音低沉苍老，语速缓慢，常带叹息，语气中透露出无奈与感激，朴实而谦和。
b40638c7e1786aa3,成生,10210,male,young_adult,书生,文雅 | 痴情 | 无奈,22,ready,,确定人物设定：青年男性角色，声线必须保持这一年龄与性别呈现。一位年轻男性书生，声音清朗，带书卷气。语速中等，语气文绉绉，咬字清晰文雅，情绪底色无奈恳求。
ccae38d121a7e280,柏二爷,19837,male,middle_aged,船老大,豪爽 | 热情 | 直率,22,ready,,确定人物设定：中年男性角色，声线必须保持这一年龄与性别呈现。一位中年男性船老大，声音洪亮粗犷，语速较快，充满热情和豪爽，说话直率，带江湖气，常用感叹词。
6695d818b2e0299b,海寇首领,19857,male,adult,海寇首领,凶悍 | 贪婪 | 欺软怕硬,22,ready,,确定人物设定：成年男性角色，声线必须保持这一年龄与性别呈现。一位成年男性海寇首领，音高较低，音色粗犷沙哑，语速较快，力度较强，咬字粗犷有力，情绪底色嚣张而多变，带有海寇首领的凶悍和贪婪感。
564f6355b91a9387,玉蟾使-石赫,8507,male,middle_aged,五灵使,困惑 | 直率,22,ready,,确定人物设定：中年男性角色，声线必须保持这一年龄与性别呈现。一位五仙教五灵使，性别不明，声音中等，语速中等，语气直率，带有口头禅'呱'，咬字清晰，情绪困惑。
b888c8673bba57b5,赤龙女,8512,female,middle_aged,五毒教成员,狠辣 | 忠诚 | 固执,22,ready,,确定人物设定：中年女性角色，声线必须保持这一年龄与性别呈现。一位中年女性五毒教成员，声音清亮而带狠劲，语速中等，语气强硬，说话时直接而坚定，常表达对夫君的维护和对敌人的敌意。
05fbbbb9f198a8c8,金顶法王,11610,male,middle_aged,法王,威严,22,ready,,确定人物设定：中年男性角色，声线必须保持这一年龄与性别呈现。一位中年男性法王，声音浑厚低沉，语速中等，咬字清晰，带有威严感，性别呈现男性，年龄感中年。
593c9aeaa34af18d,钱掌柜,10237,male,elderly,掌柜,精明 | 势利 | 世故,22,ready,,确定人物设定：老年男性角色，声线必须保持这一年龄与性别呈现。一位老年男性掌柜，声音中等音高，语速中等，带着商人的精明和世故，对有钱人客气，对穷人刻薄，咬字清晰，情绪底色精明而略带傲慢。
5768427be3a51f5c,铁匠-刘成,17008,male,middle_aged,铁匠,执着 | 遗憾 | 感恩,22,ready,,确定人物设定：中年男性角色，声线必须保持这一年龄与性别呈现。一位中年男性铁匠，声音中等音高，语速适中，音色略带沙哑，咬字清晰，情绪底色感慨，有时透出期待。
23d63e5fe2685f9b,铁匠-李胜,16009,male,middle_aged,铁匠,急躁 | 易怒 | 直率,22,ready,,确定人物设定：中年男性角色，声线必须保持这一年龄与性别呈现。一位铁匠，声音粗犷，语速适中，语气多变，容易激动，带有直率和急躁的性格。
c5e5fb16fba55b3f,夜猫子,17017,male,adult,采花大盗,狡诈 | 好色,21,ready,,确定人物设定：成年男性角色，声线必须保持这一年龄与性别呈现。一位成年男性采花大盗，声音沙哑低沉，语速较慢，咬字含糊，带有阴险和狡诈的笑意，情绪底色阴险。
6553f801fd5d89d0,天剑宗弟子,11202,male,young_adult,天剑宗弟子,谨慎 | 无奈 | 友善,21,ready,,确定人物设定：青年男性角色，声线必须保持这一年龄与性别呈现。一位年轻男性武林弟子，声音年轻，语速中等，语气中带有犹豫和无奈，但态度友善，咬字清晰。
e1b18afe8383d5f5,小二-王宸,10101,male,young_adult,客栈伙计,勤快 | 热情 | 机灵,21,ready,,确定人物设定：青年男性角色，声线必须保持这一年龄与性别呈现。一位年轻男性客栈伙计，声音明亮，语速较快，语气热情殷勤，咬字清晰，透出勤快和机灵，带有市井的亲切感。
0efe6aa2e5f8903b,山贼,10106 | 10107,male,middle_aged,山贼,粗鲁 | 欺软怕硬 | 谄媚,21,ready,,确定人物设定：中年男性角色，声线必须保持这一年龄与性别呈现。一位成年男性山贼，声音低沉，音色粗犷沙哑，语速中等，力度较强，咬字略显含糊，情绪底色粗野，时而谄媚，时而凶狠。
0a9d274884eb9fed,慕严,19978,male,young_adult,玉石兑换商人,专业 | 耐心,21,ready,,确定人物设定：青年男性角色，声线必须保持这一年龄与性别呈现。一位性别不明、年龄中等的角色，声音中性，音色清晰，语速中等，力度适中，咬字清楚，情绪平和而专业，带有商人的精明与耐心。
cb295d90b7122f77,慕仁,19982,male,young_adult,慕家弟子,豪爽 | 重情义,21,ready,,确定人物设定：青年男性角色，声线必须保持这一年龄与性别呈现。一位性别不明、年龄中等的角色，声音豪爽，语速中等，力度适中，咬字清楚，情绪豪爽而重情义，带有江湖侠客的气概。
d1d5af710575ff5e,王庆,10259,male,young_adult,书生,痴情 | 勇敢 | 决绝,21,ready,,确定人物设定：青年男性角色，声线必须保持这一年龄与性别呈现。一位年轻男性书生，声音清朗，语速较快，语气激动，常带情感，有时急切，情绪痴情决绝，整体给人痴情勇敢的感觉。
bc7825a006b220b7,白无常,19107,male,ageless,白无常,神秘 | 冷静,21,ready,,确定人物设定：超越常人年龄感的男性角色，声线必须保持这一年龄与性别呈现。一位性别不明、年龄不详的白无常，声音低沉，音调较低，语速较慢，力度较弱，咬字清晰，情绪底色为冷静，体现其神秘和冷静。
8986229bf0047ce9,陈小二,12105,male,young_adult,客栈伙计,机灵 | 热情 | 健谈,21,ready,,确定人物设定：青年男性角色，声线必须保持这一年龄与性别呈现。一位年轻男性客栈伙计，声音清亮有活力，音高适中，语速较快，力度中等，咬字清晰，带市井口语感，情绪底色热情而略带紧张。
19079fae7b3e3c09,伙房师傅,19979,male,young_adult,伙房师傅,热情 | 健谈,20,ready,,确定人物设定：青年男性角色，声线必须保持这一年龄与性别呈现。一位性别不明、年龄中等的角色，声音温暖，语速中等，力度适中，咬字清楚，情绪亲切而健谈，带有厨师的热情与生活气息。
dc98f1572ec3f163,刘玄,11405,male,middle_aged,村民,健谈 | 谨慎,20,ready,,确定人物设定：中年男性角色，声线必须保持这一年龄与性别呈现。一位中年男性村民，声音中等，语速适中，语气生动，有时犹豫，带有乡野气息。
3ba87b55a0f0cbdc,李凡,10704,male,adult,厨师,文雅 | 自信,20,ready,,确定人物设定：成年男性角色，声线必须保持这一年龄与性别呈现。一位成年男性厨师，声音清朗，语速中等，音调中等，咬字清晰优雅，情绪自信从容，带有文雅气息。
1ab4fe321fbb008d,欧阳驹,16039,male,young_adult,名剑山庄弟子,自负 | 精明 | 直率,20,ready,,确定人物设定：青年男性角色，声线必须保持这一年龄与性别呈现。一位青年男性江湖人士，声音清亮，语速较快，语气中带着自负和精明，咬字清晰，说话时带有一种不容置疑的江湖气，适合表现名剑山庄弟子的傲气。
730214603c8e7106,江飞鱼,17027,female,young_adult,卖艺女子,活泼 | 爽朗 | 好胜,20,ready,,确定人物设定：青年女性角色，声线必须保持这一年龄与性别呈现。一位年轻女性江湖卖艺人，声音清亮甜美，语速轻快，语调上扬，充满活力与热情，咬字清晰利落，带有江湖卖艺的吆喝感和爽朗的好胜心。
25554d70c5c0284f,洛员外,10803,male,middle_aged,员外,富有 | 精明 | 有礼,20,ready,,确定人物设定：中年男性角色，声线必须保持这一年龄与性别呈现。一位中年男性员外，声音圆润，语速中等，音调中等，咬字清晰，情绪客气而精明，带有商人圆滑感。
3bbc5af3f9e66193,王钊帅,13200,male,middle_aged,unknown,豁达 | 豪爽 | 爱酒肉,20,ready,,确定人物设定：中年男性角色，声线必须保持这一年龄与性别呈现。一位豪爽的江湖汉子，性别不明，年龄感中年，声音低沉粗犷，语速快，力度强，咬字清晰，情绪底色热情豪爽，常带笑意，有江湖人的洒脱。
bbf7841d73f52097,穷书生,17023,male,young_adult,书生,穷困 | 文雅 | 叹息,20,ready,,确定人物设定：青年男性角色，声线必须保持这一年龄与性别呈现。一位年轻男性书生，声音清朗，语速较慢，咬字清晰，语气文雅，常带叹息，情绪忧郁。
898a143c64d287a9,赵元,11402,male,middle_aged,商人,精明 | 直接,20,ready,,确定人物设定：中年男性角色，声线必须保持这一年龄与性别呈现。一位商人，声音中等，语速较快，语气干脆直接，带有商业谈判的精明感。
e7981dbbd56cc9ae,包氏,19204,female,elderly,村民,悲伤 | 坚韧,19,ready,,确定人物设定：老年女性角色，声线必须保持这一年龄与性别呈现。一位老年女性村民，声音低沉，语速缓慢，音色苍老沙哑，咬字清晰但略带含糊，语气悲伤哀愁，带有哭腔。
add5dd6fbf02ea1e,吴大有,11909,male,young_adult,unknown,,19,ready,,确定人物设定：青年男性角色，声线必须保持这一年龄与性别呈现。由于信息不足，无法生成具体声音描述。
8f952cf79097f048,吴文华,16204,male,middle_aged,村民,博学 | 健谈 | 感恩,19,ready,,确定人物设定：中年男性角色，声线必须保持这一年龄与性别呈现。一位成年男性村民，声音温厚，语速适中，语气平和而健谈，咬字清晰，带有讲解和感恩的意味。
8d50ec7ed5cedc22,张捕快,10249,male,middle_aged,六扇门捕快,火爆 | 耿直 | 急躁,19,ready,,确定人物设定：中年男性角色，声线必须保持这一年龄与性别呈现。一位中年男性捕快，声音粗犷，语速较快，语气直率，常带挑衅和不满，情绪急躁易怒，整体给人火爆耿直的感觉。
9982aeffef078cbe,慕智,19981,male,young_adult,慕家弟子,好学 | 文雅,19,ready,,确定人物设定：青年男性角色，声线必须保持这一年龄与性别呈现。一位性别不明、年龄中等的角色，声音文雅，语速中等，力度适中，咬字清楚，情绪文雅而好学，带有书卷气。
3642dc2e8ae08ddf,圆慧,5512,male,middle_aged,少林僧人,深沉 | 内敛 | 决绝,18,ready,,确定人物设定：中年男性角色，声线必须保持这一年龄与性别呈现。一位中年男性少林僧人，声音低沉浑厚，语速缓慢，咬字清晰有力，情绪内敛而坚定，带有佛门中人的深沉与决绝，说话时仿佛在压抑着某种情感。
97cdb9abcef59dca,杂货-赵氏,10007,female,middle_aged,杂货商,热心 | 感伤 | 体弱,18,ready,,确定人物设定：中年女性角色，声线必须保持这一年龄与性别呈现。一位中年女性杂货商，声音柔和带点沙哑，语速中等，说话温和，偶尔咳嗽，带点感伤和热心。
3fa7e79188265bba,杨婶,10124,female,elderly,村民,慈祥 | 勤劳,18,ready,,确定人物设定：老年女性角色，声线必须保持这一年龄与性别呈现。一位老年女性村民，声音苍老柔和，语速较慢，咬字清晰，语气和蔼，带点唠叨，情绪慈祥温暖。
04fc043e49995541,船老大-雷五爷,11503,male,elderly,船老大,豁达 | 感慨,18,ready,,确定人物设定：老年男性角色，声线必须保持这一年龄与性别呈现。一位老年男性船老大，声音低沉苍老，语速缓慢，语气感慨，带点自嘲和豁达。
87b6be4f20b82911,苗婆婆,19604,female,elderly,村中老妇,慈祥 | 念旧 | 谨慎,18,ready,,确定人物设定：老年女性角色，声线必须保持这一年龄与性别呈现。一位老年女性，声音苍老沙哑，音调较低，语速缓慢，能量较低，咬字清晰但略带含糊，情绪感怀而迟疑，带有长者的沧桑与慈祥。
ff8b54837ba00131,草寇刀手,45331,male,adult,山贼,胆小 | 畏缩,18,ready,,确定人物设定：成年男性角色，声线必须保持这一年龄与性别呈现。一位成年男性山贼，声音低沉但语气畏缩，语速缓慢，常结巴，咬字含糊，充满恐惧和讨好。
099746744b357429,镇三山-刘信,12002,male,middle_aged,武馆馆主,豪爽 | 直率 | 急躁,18,ready,,确定人物设定：中年男性角色，声线必须保持这一年龄与性别呈现。一位中年男性武馆馆主，声音浑厚低沉，语速较快，说话豪迈直率，用词粗犷，充满力量感，透露出武者的豪爽和急躁。
affb4597a0106c9e,龚老,16008,male,elderly,unknown,年老,18,ready,,确定人物设定：老年男性角色，声线必须保持这一年龄与性别呈现。一位老年人，声音苍老，语速缓慢，语气中带着感叹和岁月的沧桑，可能伴有咳嗽。
1b66452303c790c1,孙大胆,10104,male,middle_aged,村民,谨慎 | 朴实 | 易满足,17,ready,,确定人物设定：中年男性角色，声线必须保持这一年龄与性别呈现。一位中年男性村民，声音朴实，语速中等，语气平实，带点感叹，透出谨慎和朴实，有乡村的质朴感。
2568b5b6b5d3b481,智文,5507,male,child,少林寺小弟子,纯真 | 贪吃 | 机灵,17,ready,,确定人物设定：儿童男性角色，声线必须保持这一年龄与性别呈现。一位年幼的少林小弟子，声音清脆稚嫩，语速较快，语气活泼天真，用词稚气，带有孩童的纯真与调皮，体现其贪吃的性格。
b0e9c723332e1395,楚材,11901,male,elderly,郎中,老成 | 谨慎,17,ready,,确定人物设定：老年男性角色，声线必须保持这一年龄与性别呈现。一位老年男性，声音苍老，音调偏低，语速慢，语气沉稳，带医者的谨慎和口吻。
d5d8cb5595f3492d,海商-赵伦,17032,male,elderly,商人,世故 | 圆滑 | 焦虑,17,ready,,确定人物设定：老年男性角色，声线必须保持这一年龄与性别呈现。一位老年男性商人，声音略带沙哑，语速适中，措辞客气，咬字清晰，带有商人的圆滑与世故，情绪中透出焦虑。
4deb4ec58f1fbc9d,白发女子,19725,female,young_adult,unknown,冷漠 | 寡言 | 果断,17,ready,,确定人物设定：青年女性角色，声线必须保持这一年龄与性别呈现。成年女性，声音清冷低沉，语速缓慢，能量低，咬字清晰利落，情绪冷漠疏离，带有杀伐果断的江湖气息。
ee7efb325e730a09,翻江蜃,45368,male,adult,水贼头目,狡猾 | 圆滑 | 自负,17,ready,,确定人物设定：成年男性角色，声线必须保持这一年龄与性别呈现。一位成年男性水贼头目，声音中等，语速适中，咬字清晰，语气油滑，善于见风使舵，但暗藏锋芒。
6a2bd374ba1dd7d0,五仙教弟子,8503 | 19728 | 19753,female,young_adult,disciple,谨慎 | 敬畏,16,ready,,确定人物设定：青年女性角色，声线必须保持这一年龄与性别呈现。一位五仙教弟子，性别不明，声音中等，语速中等，语气谨慎严肃，咬字清晰，带有对教规的敬畏。
425dba7bb402118d,倚春院龟公,11911,male,middle_aged,unknown,,16,ready,,确定人物设定：中年男性角色，声线必须保持这一年龄与性别呈现。由于信息不足，无法生成具体声音描述。
9d049ff84cf89798,天龙帮逃兵,19401,male,adult,逃兵,胆小 | 谄媚 | 求生欲强,16,ready,,确定人物设定：成年男性角色，声线必须保持这一年龄与性别呈现。一位成年男性逃兵，声音略带沙哑，音调中等，语速较快，语气慌张谄媚，咬字清晰但急促，情绪底色是恐惧与求生欲。
11e3bd5cc854eb0f,安员外,12013,male,middle_aged,商人,精明 | 市侩,16,ready,,确定人物设定：中年男性角色，声线必须保持这一年龄与性别呈现。一位成年男性商人，声音圆滑，语速中等，咬字清晰，情绪精明，带有市侩的算计感。
c02282ead9fd8a5a,李大虎,19209,male,adult,村民,病弱 | 悲伤,16,ready,,确定人物设定：成年男性角色，声线必须保持这一年龄与性别呈现。一位成年男性村民，声音低沉，语速缓慢，音色沙哑虚弱，咬字含糊，语气悲伤无奈，带有咳嗽声。
bf798f3725cef0ad,莫离,5058,male,young_adult,武当弟子,有礼 | 内敛 | 受伤,16,ready,,确定人物设定：青年男性角色，声线必须保持这一年龄与性别呈现。一位年轻男性，约二十岁左右，声音清朗而虚弱，音调中等，语速较慢，说话有礼但无力，情绪虚弱而感伤，符合武当弟子的身份。
d0c0cbeea9992780,马飞,13205,male,teen,江南侠客,机敏 | 爱凑热闹 | 重义气,16,ready,,确定人物设定：少年男性角色，声线必须保持这一年龄与性别呈现。一位江南侠客，性别不明，年龄感年轻，声音清朗，语速快，力度中等，咬字清晰，情绪底色活泼热情，带点调侃，有江湖少年的机敏。
1d1b5aee76b7dbfb,骆娴,19304,female,young_adult,寡妇,哀伤 | 谨慎 | 无奈,16,ready,,确定人物设定：青年女性角色，声线必须保持这一年龄与性别呈现。一位成年女性，声音柔和略带沙哑，音调中等，语速缓慢，语气低沉，带着哀伤和无奈，咬字清晰但显得沉重，情绪底色是丧夫后的悲痛与谨慎。
578a1a6f7f61d225,魏存续,17037,male,elderly,武师,沉稳 | 重义 | 感慨,16,ready,,确定人物设定：老年男性角色，声线必须保持这一年龄与性别呈现。一位老年男性武师，声音浑厚，语速适中，措辞文雅，咬字清晰稳重，带有武师的风范与感慨。
e76343494c557a7a,五仙教弟子,8502 | 19752,male,young_adult,disciple,八卦 | 消息灵通,15,ready,,确定人物设定：青年男性角色，声线必须保持这一年龄与性别呈现。一位五仙教弟子，性别不明，声音中等，语速中等，语气平淡，咬字清晰，带有陈述事实的平静感。
156981daf6740f33,千陵渡村长,12107,male,elderly,村长,和蔼 | 慈祥,15,ready,,确定人物设定：老年男性角色，声线必须保持这一年龄与性别呈现。一位老年男性村长，声音低沉苍老，语速缓慢，力度较轻，咬字清晰，情绪底色平和慈祥，符合长者身份。
c15b3bae44ca2159,小女孩,19207,female,child,unknown,天真 | 依赖 | 胆怯,15,ready,,确定人物设定：儿童女性角色，声线必须保持这一年龄与性别呈现。一位年幼的女孩，声音清脆稚嫩，音调偏高，语速中等，咬字清晰但带有童音，情绪天真好奇，偶尔流露胆怯和依赖，适合表现孩童的纯真与无助。
4c761c0f39b27a24,山贼头目-杰慑,10111,male,adult,山贼头目,狡猾 | 欺软怕硬 | 暴躁,15,ready,,确定人物设定：成年男性角色，声线必须保持这一年龄与性别呈现。一位成年男性山贼头目，声音中等音高，音色粗犷，语速中等，力度中等，咬字清晰，情绪底色多变，时而嚣张，时而求饶。
353487f71c656265,恶犬-萧铎,10808,male,adult,恶犬头目,好色 | 嚣张 | 残忍,15,ready,,确定人物设定：成年男性角色，声线必须保持这一年龄与性别呈现。一位成年男性恶犬头目，声音中等音高，音色粗犷带痞气，语速中等，力度中等，咬字清晰，情绪底色轻佻，带调戏和威胁。
2cdaadcee700f758,李寡妇,10002,female,middle_aged,村民,泼辣 | 直率 | 渴望依靠,15,ready,,确定人物设定：中年女性角色，声线必须保持这一年龄与性别呈现。一位中年女性村民，声音清亮，语速偏快，说话直爽泼辣，带点市井的娇嗔和感叹，情绪起伏明显，有生活气息。
0f58ccaae896d5f5,海寇,17041 | 17040 | 19856 | 45990,male,young_adult,海寇,狡猾 | 谨慎 | 粗鲁,15,ready,,确定人物设定：青年男性角色，声线必须保持这一年龄与性别呈现。一位成年男性海寇，声音低沉粗犷，语速中等，语气时而轻蔑时而警惕，咬字清晰，带有江湖人的油滑与狠辣。
b0a39fa17b6c5f3f,王霸天,17015,male,middle_aged,unknown,霸道 | 自信,15,ready,,确定人物设定：中年男性角色，声线必须保持这一年龄与性别呈现。一位声音粗犷、语气嚣张的武林人士，说话时中气十足，带有威胁和自信，语速中等，咬字清晰有力。
14f3fec8cb9dda1a,阴阳司死士,45926,male,young_adult,阴阳司死士,慌乱 | 焦虑,15,ready,,确定人物设定：青年男性角色，声线必须保持这一年龄与性别呈现。一位阴阳司死士，声音中性偏尖，语速较快，能量较高，咬字清晰但急促，情绪底色是慌乱和焦虑，带有下属的紧张和服从。
579c2072cef7ab41,鱼贩子,11301,male,middle_aged,鱼贩,精明 | 热情 | 健谈,15,ready,,确定人物设定：中年男性角色，声线必须保持这一年龄与性别呈现。一位市井鱼贩，声音明亮，语速较快，语气热情而精明，带有商贩的圆滑和健谈感。
23e877561c8dd723,名剑山庄-吕轻祈,10029,male,young_adult,名剑山庄外门弟子,自信 | 好奇,14,ready,,确定人物设定：青年男性角色，声线必须保持这一年龄与性别呈现。一位名剑山庄外门弟子，性别年龄未知，声音中等音高，语速适中，力度中等，音色普通，咬字清晰，情绪底色轻松自信，带有江湖新人的朝气。
00bcb16ad5e4472a,小蝶,10352,female,young_adult,津鲤村少女,温柔 | 痴情 | 羞涩,14,ready,,确定人物设定：青年女性角色，声线必须保持这一年龄与性别呈现。一位年轻少女，声音清脆甜美，音调较高，语速较慢，力度轻柔，咬字清晰柔和，情绪温婉羞涩，带恳求语气。
ca2b867edb0212de,山贼,10308,male,middle_aged,山贼,凶悍 | 贪婪 | 欺软怕硬,14,ready,,确定人物设定：中年男性角色，声线必须保持这一年龄与性别呈现。一位成年男性山贼，声音低沉粗犷，语速中等，语气凶狠，时而嚣张，时而求饶，整体呈现绿林强盗的形象。
47214e2678b2e2a4,李秋月,19003,female,young_adult,平民,体贴 | 细心,14,ready,,确定人物设定：青年女性角色，声线必须保持这一年龄与性别呈现。一位青年女性，声音中等音高，语速中等，音色柔和，咬字清晰，情绪温和，符合体贴细心的平民女性形象。
ce047634e7aa7c05,村长-蒙蚩,12800,male,elderly,村长,年迈 | 无奈 | 感恩,14,ready,,确定人物设定：老年男性角色，声线必须保持这一年龄与性别呈现。一位老年男性村长，声音低沉，语速缓慢，音色苍老，咬字清晰，情绪底色无奈，带有感激之情。
c9f75043752e4f4c,楚楚,11701 | 17029,female,young_adult,舞女,活泼,14,ready,,确定人物设定：青年女性角色，声线必须保持这一年龄与性别呈现。一位年轻女性舞女，声音清脆，语速较快，咬字清晰，带有活泼感，性别呈现女性，年龄感青年。
b9b920e11a919c0c,武馆师兄,10227,male,young_adult,武馆弟子,自信 | 沉稳 | 有礼,14,ready,,确定人物设定：青年男性角色，声线必须保持这一年龄与性别呈现。一位年轻男性武馆弟子，声音中等音高，语速中等，音色沉稳，咬字清晰，情绪自信，带着武者的从容和礼貌。
b211fb596e35e8f1,汪镖头,10271,male,adult,镖头,专业 | 有礼,14,ready,,确定人物设定：成年男性角色，声线必须保持这一年龄与性别呈现。一位成年男性镖头，声音中等音高，音色沉稳，语速中等，能量中等，语气正式客气，咬字清晰，带有专业感。
a509145cd4ff8b68,洪掌柜,12000,male,middle_aged,掌柜,精明 | 世故 | 圆滑,14,ready,,确定人物设定：中年男性角色，声线必须保持这一年龄与性别呈现。一位中年男性掌柜，声音醇厚，音调中等，语速适中，说话老练圆滑，常带笑意，咬字清晰稳重，透露出商人的精明和世故。
a4ad0f5bbf24c2f1,猪倌,10304,male,adult,养猪大户,朴实 | 健谈 | 焦虑,14,ready,,确定人物设定：成年男性角色，声线必须保持这一年龄与性别呈现。一位成年男性养猪户，声音浑厚，语速中等，语气朴实，带乡音，有时絮叨，整体呈现乡村汉子的形象。
9c0415cac786e964,神鹰刺客,17300 | 16013,male,young_adult,神鹰门刺客,凶狠 | 霸道,14,ready,,确定人物设定：青年男性角色，声线必须保持这一年龄与性别呈现。一位成年刺客，声音低沉，音调低，语速快，说话威胁，简短有力，带有凶狠和霸道。
fdd947ab9a1d0b9c,神鹰门弟子,8003,male,young_adult,disciple,恭敬 | 热情,14,ready,,确定人物设定：青年男性角色，声线必须保持这一年龄与性别呈现。一位神鹰门弟子，性别不明，声音中等，语速中等，语气恭敬热情，咬字清晰，带有对少侠的尊敬。
042498d05f32739e,符盛,16028,male,young_adult,程家堡弟子,礼貌 | 平淡,14,ready,,确定人物设定：青年男性角色，声线必须保持这一年龄与性别呈现。一位年轻男性，声音清朗，音调中等，语速中等，说话简短客气，语气平淡，没有太多情绪起伏，咬字清晰，带有普通弟子的谦逊感。
830180a170303ad1,葛炎,10253,male,young_adult,玄火教弟子,神秘 | 谨慎 | 热情,14,ready,,确定人物设定：青年男性角色，声线必须保持这一年龄与性别呈现。一位年轻男性玄火教弟子，声音低沉，语速适中，语气神秘谨慎，常低声细语，带有传教意味，情绪热情，整体给人神秘热情的感觉。
ce33b803035fe9f9,钻山豹,10113,male,adult,山贼头目,自负 | 暴躁 | 多疑,14,ready,,确定人物设定：成年男性角色，声线必须保持这一年龄与性别呈现。一位成年男性山贼头目，声音低沉，音色粗犷沙哑，语速中等，力度较强，咬字清晰，情绪底色暴躁，带威胁和不满。
8232b95ab89725ac,万浩,16029,male,young_adult,程家堡弟子,礼貌 | 平淡,13,ready,,确定人物设定：青年男性角色，声线必须保持这一年龄与性别呈现。一位年轻男性，声音清朗，音调中等，语速中等，说话简短客气，语气平淡，没有太多情绪起伏，咬字清晰，带有普通弟子的谦逊感。
9b3c7628fb7e665b,五仙教守卫,8504,male,young_adult,guard,尽职 | 恭敬,13,ready,,确定人物设定：青年男性角色，声线必须保持这一年龄与性别呈现。一位五仙教守卫，性别不明，声音中等，语速中等，语气严肃，但在面对少侠时转为恭敬，咬字清晰。
b6a9582914ad5d33,凌波仙子,19864,female,young_adult,unknown,温柔 | 体贴 | 自嘲,13,ready,,确定人物设定：青年女性角色，声线必须保持这一年龄与性别呈现。一位年轻女性，声音清亮柔美，语速中等，语气温和亲切，带点俏皮和自嘲，情绪底色略带感伤，有江湖女子的洒脱与柔情。
9aa1adbafc4abe6d,司马相,10353,male,middle_aged,津鲤村读书人,怀才不遇 | 自负 | 文雅,13,ready,,确定人物设定：中年男性角色，声线必须保持这一年龄与性别呈现。一位中年男性书生，声音清朗文雅，音调中等，语速适中，咬字清晰端正，情绪感慨自负，带怀才不遇的无奈。
c54126cb5a9e659c,吴阿顺,11615,male,young_adult,官兵,狡猾 | 欺软怕硬 | 谄媚,13,ready,,确定人物设定：青年男性角色，声线必须保持这一年龄与性别呈现。一位年轻男性官兵，声音尖细带油滑，语速较快，语气油滑，咬字清晰但显轻浮，情绪谄媚狡诈，带讨好意味。
f1f472c0dbbf35e2,孤海钓叟,19897,male,elderly,钓叟,淡泊 | 睿智 | 和善,13,ready,,确定人物设定：老年男性角色，声线必须保持这一年龄与性别呈现。一位老年男性钓叟，声音苍老温厚，语速缓慢，语气平和，情绪慈祥。
5bab17c1bebb81c1,官兵乙,11614,male,middle_aged,官兵,粗鲁 | 欺软怕硬,13,ready,,确定人物设定：中年男性角色，声线必须保持这一年龄与性别呈现。一位中年男性官兵，声音粗犷，语速较快，语气粗鲁，咬字清晰但显蛮横，情绪嚣张跋扈，带威胁意味。
2ea4ba10bfe7e252,徐兰,19119,female,young_adult,普通女子,悲伤,13,ready,,确定人物设定：青年女性角色，声线必须保持这一年龄与性别呈现。一位年轻女性，声音清亮，语速缓慢，语气悲伤，带着哀伤的情绪。
e4d4e80edf6de22b,掌柜-汪蔡,10015,male,middle_aged,客栈老板,精明 | 和气 | 自信,13,ready,,确定人物设定：中年男性角色，声线必须保持这一年龄与性别呈现。一位中年男性客栈老板，声音圆润带点磁性，语速中等，说话客气圆滑，带点商人的精明和自信。
5dceb157d2ed1082,樵夫,5044 | 10354 | 19886,male,middle_aged,樵夫,朴实 | 焦急,13,ready,,确定人物设定：中年男性角色，声线必须保持这一年龄与性别呈现。一位中年男性樵夫，声音粗犷，语速偏快，语气焦急恳切，咬字略带乡土口音，情绪外放，表现出朴实和求助的急切。
c59e03c39245e384,海商-雷兴,11508,male,middle_aged,海商,愤懑 | 精明 | 直率,13,ready,,确定人物设定：中年男性角色，声线必须保持这一年龄与性别呈现。一位中年男性海商，声音中等音高，语速中等，音色略带粗犷，咬字清晰有力，情绪不满抱怨，透出生意难做的愤懑。
94428fc57cbc9692,瀚海狂龙雷万钧,10034,male,adult,西域武者,凶戾 | 暴躁 | 自大,13,ready,,确定人物设定：成年男性角色，声线必须保持这一年龄与性别呈现。一位成年男性西域武者，声音低沉粗犷，语速中等，力度强，咬字有力，情绪底色暴躁自大，带有狂龙般的霸气。
617212515d8856da,王石头,10128,male,middle_aged,神秘男子,狡黠 | 油滑,13,ready,,确定人物设定：中年男性角色，声线必须保持这一年龄与性别呈现。一位中年男性神秘男子，声音明亮略带油滑，语速较快，咬字清晰有力，语气油滑，带点江湖气，情绪狡黠热情。
96dcc7f7b8a19159,知客僧,5515,male,middle_aged,少林寺知客僧,礼貌 | 周到 | 平和,13,ready,,确定人物设定：中年男性角色，声线必须保持这一年龄与性别呈现。一位中年男性僧人，声音温和清晰，语速适中，语气恭敬礼貌，用词周到，体现知客僧的平和与周到。
d47d0528a21551f6,空闻,10248,male,young_adult,少林寺僧人,虔诚 | 谦逊 | 拘谨,13,ready,,确定人物设定：青年男性角色，声线必须保持这一年龄与性别呈现。一位年轻男性僧人，声音清亮而略带稚嫩，语速缓慢，语气恭敬虔诚，常带佛号，说话谨慎，有时因紧张而结巴，整体给人谦逊拘谨的感觉。
7e1ccbd5b954b264,老乞丐,10356,male,elderly,丐帮弟子,豪迈 | 狡黠 | 自尊,13,ready,,确定人物设定：老年男性角色，声线必须保持这一年龄与性别呈现。一位老年男性乞丐，声音沙哑苍老，音调较低，语速中等，力度较强，咬字清晰有力，情绪豪迈不羁，带戏谑。
788cedfc0d23843b,耳听怒,19803,male,middle_aged,天竺僧人,暴躁 | 直率 | 豪放 | 易怒,13,ready,,确定人物设定：中年男性角色，声线必须保持这一年龄与性别呈现。一位中年男性天竺僧人，声音粗犷有力，语速较快，力度强，咬字清晰但粗犷，情绪底色是愤怒与豪放，常大笑或怒吼，体现暴躁直率的性格。
0649f3695930b215,花娅,13202,female,young_adult,unknown,热情,13,ready,,确定人物设定：青年女性角色，声线必须保持这一年龄与性别呈现。一位苗族女子，性别不明，年龄感年轻，声音柔和偏高，语速中等，咬字清晰，情绪底色热情友好，有商贩的招揽感。
59c3d34c23f521e0,藏昊,12606,male,young_adult,霹雳门弟子,懒散 | 担忧 | 不成熟,13,ready,,确定人物设定：青年男性角色，声线必须保持这一年龄与性别呈现。一位年轻男性弟子，声音年轻，语速中等，咬字清晰，情绪担忧不安，透露出懒散和不成熟。
d576784239327e1a,裁缝-薛氏,10006,female,elderly,裁缝,慈祥 | 操心 | 体弱,13,ready,,确定人物设定：老年女性角色，声线必须保持这一年龄与性别呈现。一位老年女性裁缝，声音柔和略带沙哑，语速较慢，说话温和，带点病弱感和对儿子的操心。
cc10f981793892b5,钓叟,10351,male,elderly,钓鱼老者,淡泊 | 固执 | 慈祥,13,ready,,确定人物设定：老年男性角色，声线必须保持这一年龄与性别呈现。一位老年男性钓者，声音低沉苍老，语速缓慢，力度轻柔，咬字清晰但带岁月感，情绪平和慈祥，偶尔感慨。
a5bfd6cfc40aa5f4,伏龙子,7002,male,young_adult,天山派弟子,自信 | 执着 | 有野心,12,ready,,确定人物设定：青年男性角色，声线必须保持这一年龄与性别呈现。一位年轻男性天山派弟子，声音清朗有力，语速中等，语气坚定，说话时充满自信和抱负，措辞果断，带有武者的豪气。
5660411932755236,周大眼,10105,male,middle_aged,村民,豪爽 | 直率 | 爱喝酒,12,ready,,确定人物设定：中年男性角色，声线必须保持这一年龄与性别呈现。一位中年男性村民，声音粗犷洪亮，语速中等，语气豪爽直率，带点醉意，透出爱喝酒和愤慨的情绪。
7de63d5c6b94b9a2,孔三蛋,19301,male,child,村民,天真,12,ready,,确定人物设定：儿童男性角色，声线必须保持这一年龄与性别呈现。一位儿童，声音高亢，语速较快，音色清脆，咬字清晰但带有童音，语气活泼天真。
d670bed82cd2541b,巫虞,45817,female,young_adult,苗疆教徒,忠诚 | 担忧 | 直率,12,ready,,确定人物设定：青年女性角色，声线必须保持这一年龄与性别呈现。一位苗疆教徒，性别年龄未知。声音清亮，语速较快，语气急切，充满担忧和劝诫。咬字清晰，情绪底色担忧，带有对圣女的忠诚与关心。
3ea9e15f523e9a87,幽云泽船夫,12500 | 12501,male,elderly,船夫,朴实 | 礼貌,12,ready,,确定人物设定：老年男性角色，声线必须保持这一年龄与性别呈现。一位成年男性船夫，声音朴实，音高适中，语速中等，力度中等，咬字清晰，情绪底色平和礼貌，符合船夫身份。
24cb5f8d165c2547,张判龙,12008,male,young_adult,六扇门捕头,谨慎 | 精明,12,ready,,确定人物设定：青年男性角色，声线必须保持这一年龄与性别呈现。一位成年男性六扇门捕头，声音沉稳，语速中等，咬字清晰，情绪谨慎，带有官方的正式感。
5cee90885d14107d,智武,5508,male,young_adult,少林寺弟子,好战 | 直率 | 单纯,12,ready,,确定人物设定：青年男性角色，声线必须保持这一年龄与性别呈现。一位年轻男性少林弟子，声音浑厚有力，语速适中，语气直率热情，带有武人的豪爽与好胜，体现其好战性格。
3bff9aa1f2b79f5c,洪飞,7503,male,middle_aged,丐帮弟子,沉稳 | 正义 | 懊悔,12,ready,,确定人物设定：中年男性角色，声线必须保持这一年龄与性别呈现。一位中年男性丐帮弟子，声音低沉浑厚，语速中等，语气沉稳，说话时带着无奈和自责，措辞简洁，有江湖人的厚重感。
420ce2338acac412,玄火教众,9010 | 9009 | 9011,male,young_adult,玄火教教众,谨慎 | 服从,12,ready,,确定人物设定：青年男性角色，声线必须保持这一年龄与性别呈现。一位身份不明的玄火教教众，声音性别年龄未知，语气恭敬谨慎，语速中等，力度中等，咬字清晰，情绪底色是服从与紧张，说话时带有犹豫和试探，偶尔透露内部信息。
681ad32db79925f5,白掌柜,11600,male,middle_aged,酒楼掌柜,热情 | 精明 | 健谈,12,ready,,确定人物设定：中年男性角色，声线必须保持这一年龄与性别呈现。一位中年男性酒楼掌柜，声音中等音高，语速中等，音色圆润带点商人气，咬字清晰流畅，情绪热情客气，透出精明和健谈。
b32c7a3e132f9e4f,裁缝-张彩织,17010,female,middle_aged,裁缝,手巧 | 热心 | 谨慎,12,ready,,确定人物设定：中年女性角色，声线必须保持这一年龄与性别呈现。一位中年女性裁缝，声音中等音高，语速适中，音色柔和，咬字清晰，情绪底色友善，有时透出担忧。
b3db84bff883011c,钱谬,45388,male,adult,丐帮弟子,正义 | 急躁,12,ready,,确定人物设定：成年男性角色，声线必须保持这一年龄与性别呈现。一位成年男性丐帮弟子，声音清亮，语速较快，咬字有力，情绪激昂，充满正义感。
30e4ade9222b249f,铁臂猿,17026,male,adult,武者,沉稳 | 幽默,12,ready,,确定人物设定：成年男性角色，声线必须保持这一年龄与性别呈现。一位成年男性武者，声音浑厚，语速中等，咬字清晰，语气带笑，轻松幽默。
a5dba67d2df61c6c,大渊勇士-萧古里,19510,male,middle_aged,勇士,自信 | 好胜 | 冲动,11,ready,,确定人物设定：中年男性角色，声线必须保持这一年龄与性别呈现。一位渊国勇士，声音低沉粗犷，语速较快，语气豪迈自信，带有好胜和冲动，说话时充满力量感。
a37e64724d4cab6d,小狗儿,12006,male,young_adult,丐帮弟子,谦逊 | 机灵,11,ready,,确定人物设定：青年男性角色，声线必须保持这一年龄与性别呈现。一位年轻男性丐帮弟子，声音清亮，语速中等，咬字清晰，情绪活泼，带有谦逊和机灵的感觉。
17fd29051a06bbc2,山贼头目-达贾,10108,male,young_adult,山贼头目,凶狠 | 狡猾 | 贪婪,11,ready,,确定人物设定：青年男性角色，声线必须保持这一年龄与性别呈现。一位成年男性山贼头目，声音低沉，音色粗犷凶悍，语速中等，力度较强，咬字清晰，情绪底色凶狠，带威胁和算计。
698b328410d84286,峋谷关士兵,29454 | 29455 | 29459 | 29460,male,middle_aged,峋谷关士兵,怀旧 | 感伤 | 健谈,11,ready,,确定人物设定：中年男性角色，声线必须保持这一年龄与性别呈现。一位成年男性士兵，声音中等音高，语速中等偏慢，音色普通但略带沙哑，说话时带有回忆和感伤的情绪，咬字清晰，语气平和，偶尔停顿，表现出对往事的怀念。
e948bebe37798b0b,李狗剩,16415,male,child,村民,勇敢 | 冒险,11,ready,,确定人物设定：儿童男性角色，声线必须保持这一年龄与性别呈现。一位少年角色，声音清脆，音调偏高，语速中等，力度适中，咬字清晰，情绪底色认真而勇敢，提及危险时显得坚定。
fafb442dabd2d4a6,武当弟子,5010 | 45281,male,young_adult,武当弟子,侠义 | 恭敬,11,ready,,确定人物设定：青年男性角色，声线必须保持这一年龄与性别呈现。一位年轻的武当弟子，性别不明，声音清朗，语速适中，咬字清晰，情绪平和，带有恭敬和侠义感。
aae0a19d1939a782,瀛洲商人,19895,male,middle_aged,商人,圆滑 | 谨慎,11,ready,,确定人物设定：中年男性角色，声线必须保持这一年龄与性别呈现。一位中年男性商人，声音圆润，语速中等，语气圆滑，情绪谨慎狡黠。
85c18d1f6500ad2a,老渔夫,11303,male,elderly,渔夫,朴实 | 健谈 | 警觉,11,ready,,确定人物设定：老年男性角色，声线必须保持这一年龄与性别呈现。一位老年男性渔夫，声音苍老沙哑，语速中等，语气随意而朴实，带有老年人的从容和警觉。
a41c25130d0da334,货郎,29155 | 29156 | 29157 | 29214 | 29215 | 29216 | 29500 | 29502 | 28258 | 28241 | 28247,male,middle_aged,货郎,热情,11,ready,,确定人物设定：中年男性角色，声线必须保持这一年龄与性别呈现。一位行走货郎，性别未知，声音明亮，语速较快，咬字清晰，情绪热情，带有市井叫卖的吆喝感，充满活力。
65dc553df04990d5,赵二磊,19110,male,middle_aged,士兵,思乡 | 直率,11,ready,,确定人物设定：中年男性角色，声线必须保持这一年龄与性别呈现。一位中年男性士兵，声音粗犷，语速中等，语气中带着思乡的感慨，直率而朴实。
2c1832dd76766a93,陈捕头,10243 | 10244,male,middle_aged,捕头,威严 | 公事公办,11,ready,,确定人物设定：中年男性角色，声线必须保持这一年龄与性别呈现。一位中年男性捕头，声音低沉威严，语速中等，语气严肃，措辞正式，咬字清晰有力，情绪底色威严而严肃。
87a1e49c1755edce,鼻嗅爱,19804,male,middle_aged,天竺僧人,阴险 | 狡诈 | 冷静 | 洞察,11,ready,,确定人物设定：中年男性角色，声线必须保持这一年龄与性别呈现。一位中年男性天竺僧人，声音低沉沙哑，语速中等，力度中等，咬字清晰但带沙哑，情绪底色是阴冷与嘲讽，常带咳嗽和冷笑，体现阴险狡诈的性格。
f34dd8c7d0a29f93,？？？,12015,female,young_adult,unknown,神秘 | 诗意 | 危险,11,ready,,确定人物设定：青年女性角色，声线必须保持这一年龄与性别呈现。一位神秘人物，声音柔和却带着诡异感，语速缓慢，咬字清晰，说话时引用诗词，语气飘忽，时而戏谑，时而透出杀意。
31a7157f8bd1e02c,丐帮长老,7506 | 45305,male,middle_aged,丐帮长老,自豪 | 稳重,10,ready,,确定人物设定：中年男性角色，声线必须保持这一年龄与性别呈现。一位中年男性，声音浑厚，语速中等，咬字清晰，情绪底色自豪稳重，体现丐帮长老的声望与自豪。
f53f020345cee572,吞天虎,17025,male,adult,武者,豪爽 | 好胜,10,ready,,确定人物设定：成年男性角色，声线必须保持这一年龄与性别呈现。一位成年男性武者，声音粗犷低沉，语速中等，咬字清晰，语气豪爽，带有好胜和热情。
7493b2352fb57179,哈山,19845 | 19848,male,middle_aged,岛民,朴实 | 忠诚 | 热情,10,ready,,确定人物设定：中年男性角色，声线必须保持这一年龄与性别呈现。一位成年男性岛民，声音普通，语速适中，语气朴实热情，带乡土口音，用词简单。
96972f576e9fbae5,天剑宗-岳九,10048,male,young_adult,天剑宗弟子,豪爽 | 直率 | 好酒,10,ready,,确定人物设定：青年男性角色，声线必须保持这一年龄与性别呈现。一位年轻男性剑客，声音清朗，语速中等，语气直接有力，带点不耐烦和豪爽，透出年轻高手的自信与傲气。
f822d58deb7108f7,姜鹰,12003,male,middle_aged,商贩,精明 | 市侩,10,ready,,确定人物设定：中年男性角色，声线必须保持这一年龄与性别呈现。由于信息不足，无法生成具体声音描述。
a495181c9ceaf958,小二-白乐,13108,male,young_adult,unknown,服务性,10,ready,,确定人物设定：青年男性角色，声线必须保持这一年龄与性别呈现。一位店小二，性别不明，年龄感年轻，声音清亮，语速较快，咬字清晰，情绪底色热情礼貌，有服务行业的周到感。
7e4721b90de4c62b,恶汉,10240,male,middle_aged,食客,凶狠 | 粗鲁 | 胆大,10,ready,,确定人物设定：中年男性角色，声线必须保持这一年龄与性别呈现。一位中年男性恶汉，声音低沉粗犷，语速较快，语气凶狠，常带脏话，咬字重，情绪底色凶狠而暴躁。
d6689c689a180b25,掌柜-李郝,10102,male,middle_aged,客栈掌柜,稳重 | 和善 | 精明,10,ready,,确定人物设定：中年男性角色，声线必须保持这一年龄与性别呈现。一位中年男性客栈掌柜，声音温厚，语速适中，语气客气稳重，咬字清晰，透出精明和和善，带有商人的圆滑。
13d869a204574b51,杂货-刘秀儿,10235 | 10282,female,young_adult,杂货店老板,谨慎 | 无奈,10,ready,,确定人物设定：青年女性角色，声线必须保持这一年龄与性别呈现。一位年轻女性杂货店老板，声音高亢，语速中等，音色清亮，咬字清晰，情绪无奈，带着商人的礼貌和谨慎。
240a555f8db8b695,柳生,11910,male,middle_aged,unknown,热心 | 诚实,10,ready,,确定人物设定：中年男性角色，声线必须保持这一年龄与性别呈现。由于信息不足，无法生成具体声音描述。
e3adcdfb96ea8888,渊军头目,45393,male,middle_aged,军官,凶狠 | 狡猾,10,ready,,确定人物设定：中年男性角色，声线必须保持这一年龄与性别呈现。一位成年男性军官，声音低沉，语速中等，咬字有力，语气凶狠，充满威胁和命令感。
e646fc765f74bd6c,王家仆人,10257,male,middle_aged,仆人,嚣张 | 势利 | 粗暴,10,ready,,确定人物设定：中年男性角色，声线必须保持这一年龄与性别呈现。一位成年男性仆人，声音粗犷，语速较快，语气嚣张，常带威胁和辱骂，情绪粗暴，整体给人嚣张势利的感觉。
fca5d6c8ed1a5940,船夫,17001,male,elderly,船夫,朴实 | 谨慎 | 热心,10,ready,,确定人物设定：老年男性角色，声线必须保持这一年龄与性别呈现。一位老年男性船夫，声音中等音高，语速较慢，音色略带沧桑，咬字清晰但带地方口音，情绪底色温和，有时透出无奈。
ee6ece1a6291e69e,蒙桑伽,13101,male,middle_aged,铁匠,豪爽 | 自信 | 热情,10,ready,,确定人物设定：中年男性角色，声线必须保持这一年龄与性别呈现。一位成年男性铁匠，声音低沉，语速中等，音色浑厚，咬字清晰，情绪底色豪爽热情。
09e7fdd5500ff37f,赖丑丑,17020,male,middle_aged,平民,自信 | 幽默,10,ready,,确定人物设定：中年男性角色，声线必须保持这一年龄与性别呈现。一位成年男性平民，声音普通，语速中等，咬字清晰，语气轻松，带有自信和幽默感。
72d92e0487c6ebc3,隆大松,19606,male,adult,寻药人,执着 | 深情 | 疲惫,10,ready,,确定人物设定：成年男性角色，声线必须保持这一年龄与性别呈现。一位成年男性，声音低沉，音调低，语速缓慢，语气疲惫但坚定，咬字清晰但无力，情绪深情执着，带有为救人所坚持的沧桑感。
88c21cc725dbe605,雷炼,11506,male,middle_aged,铁匠,精明 | 健谈 | 略带市侩,10,ready,,确定人物设定：中年男性角色，声线必须保持这一年龄与性别呈现。一位中年男性铁匠，声音中等音高，语速中等，音色厚实带点粗犷，咬字清晰有力，情绪热情，带点推销的狡黠感。
1f55ee33c5da0b0d,霹雳门弟子,12603 | 19712,male,young_adult,弟子,担忧 | 谨慎,10,ready,,确定人物设定：青年男性角色，声线必须保持这一年龄与性别呈现。一位年轻男性弟子，声音年轻，语速中等，咬字清晰，情绪忧虑谨慎，话语中透露出对门中事务的担忧。
911524e119223e45,黑羽剑-贺兰仇,19509,male,young_adult,剑客,谨慎 | 低调,10,ready,,确定人物设定：青年男性角色，声线必须保持这一年龄与性别呈现。一位关外剑客，声音低沉，语速缓慢，语气警惕而低调，说话简短，体现谨慎性格。
3eb63642d30f0e6b,龙桑加,12702,male,young_adult,unknown,孝顺 | 感恩 | 忧虑,10,ready,,确定人物设定：青年男性角色，声线必须保持这一年龄与性别呈现。一位性别不明的武侠，声音低沉，语速缓慢，音色低沉，咬字清晰，情绪底色忧虑，带有感恩之情。
8c68206ec035e6d6,？？？,17113,female,young_adult,名剑山庄弟子,文雅 | 感性 | 孝顺,10,ready,,确定人物设定：青年女性角色，声线必须保持这一年龄与性别呈现。一位年轻女性名剑山庄弟子，声音柔美，音调中等，语速缓慢，说话文雅含蓄，带有诗意和感性。
de9c488140c25264,？？？,19831,female,young_adult,unknown,古怪 | 自由,10,ready,,确定人物设定：青年女性角色，声线必须保持这一年龄与性别呈现。一位年轻女性，音高较高，音色清亮，语速中等，力度中等，咬字清晰，情绪底色古怪，带有自由不羁的气质。
b838c346b12fc70c,典航,19716,male,adult,弟子,口吃 | 紧张 | 胆小,9,ready,,确定人物设定：成年男性角色，声线必须保持这一年龄与性别呈现。一位成年男性弟子，声音普通，语速慢，说话结巴，语气畏缩，断断续续，体现其紧张和胆小，可能因害怕而颤抖。
dda520d531dbb279,双河村村长,11300,male,elderly,村长,和善 | 热情 | 朴实,9,ready,,确定人物设定：老年男性角色，声线必须保持这一年龄与性别呈现。一位老年男性村长，声音苍老温和，语速较慢，语气和蔼热情，带有朴实的长者风范。
20e33b84583d60df,圆悟,5510,male,elderly,少林戒律院首座,执法严明 | 稳重 | 有威望,9,ready,,确定人物设定：老年男性角色，声线必须保持这一年龄与性别呈现。一位老年男性，约六十岁以上，声音低沉而浑厚，音调低，语速适中，说话庄重正式，情绪庄重而平和，符合少林戒律院首座的身份。
cda60066daeda9ff,姜成,19001,male,young_adult,平民,谨慎 | 好奇,9,ready,,确定人物设定：青年男性角色，声线必须保持这一年龄与性别呈现。一位青年男性，声音中等音高，语速中等，音色略带憨厚，咬字清晰，情绪谨慎好奇，符合平民身份。
ed3d2752f5206d63,小豆子,19203,male,child,村民,天真 | 单纯,9,ready,,确定人物设定：儿童男性角色，声线必须保持这一年龄与性别呈现。一位儿童，声音高亢，语速较快，音色清脆，咬字清晰但带有童音，语气活泼天真，充满童真感。
81d0458082c98c57,少林铜人,45282,male,young_adult,少林寺弟子,沉稳 | 威严,9,ready,,确定人物设定：青年男性角色，声线必须保持这一年龄与性别呈现。一位成年男性少林铜人，声音低沉，语速较慢，力度中等，咬字清晰稳重，带着庄重和威严的气质，说话时不容置疑。
bf163fcf54989c19,开碑手·周斛,11612,male,middle_aged,山野流寇,粗犷 | 直率 | 悔悟,9,ready,,确定人物设定：中年男性角色，声线必须保持这一年龄与性别呈现。一位中年男性山野流寇，声音粗犷沙哑，语速中等，咬字清晰但带土气，语气直率，情绪多变，时而愤怒时而感慨。
0d4c21740703271d,成老,19303,male,elderly,商人,精明 | 爱面子 | 有些吝啬,9,ready,,确定人物设定：老年男性角色，声线必须保持这一年龄与性别呈现。一位老年男性商人，声音低沉苍老，略带沙哑，语速中等，语气圆滑世故，咬字清晰但有时含糊，情绪底色是精明算计，偶尔流露出爱面子的固执。
d34bdfd8e66fa7c7,护卫,19729,male,adult,护卫,尽职 | 抱怨,9,ready,,确定人物设定：成年男性角色，声线必须保持这一年龄与性别呈现。一位成年男性护卫，声音普通，语速中等，语气严肃，带命令口吻，体现其尽职和抱怨。
1e0828f5755264e1,晋庸,12001,male,elderly,大夫,敬业 | 忙碌 | 严谨,9,ready,,确定人物设定：老年男性角色，声线必须保持这一年龄与性别呈现。一位老年男性大夫，声音低沉苍老，语速适中，说话专业严谨，措辞文雅，透露出忙碌和疲惫，但依然认真负责。
393cc4631c436747,杨开,10404,male,middle_aged,北山村猎户,朴实 | 感恩,9,ready,,确定人物设定：中年男性角色，声线必须保持这一年龄与性别呈现。一位成年男性猎户，声音朴实诚恳，语速中等，音色略带粗犷，咬字清晰，情绪平和而真诚，带有乡野质朴感。
15124645cf618386,柳氏,10126,female,middle_aged,村民,急躁 | 无奈,9,ready,,确定人物设定：中年女性角色，声线必须保持这一年龄与性别呈现。一位中年女性村民，声音明亮略带尖锐，语速较快，咬字清晰有力，语气急切，带点抱怨，情绪急躁无奈。
515f77d56ae255f5,灵剑仙猿,19860,nonhuman,ageless,nonhuman,野性 | 原始,9,ready,,确定人物设定：超越常人年龄感的角色，声线必须保持这一年龄与性别呈现。非人类生物，声音低沉粗犷，类似野兽吼叫，语速缓慢，带有原始野性，无清晰咬字。
d0ffec121015f333,玄火密卫,45540 | 45303,male,adult,密卫,冷酷 | 忠诚,9,ready,,确定人物设定：成年男性角色，声线必须保持这一年龄与性别呈现。一位成年男性密卫，声音冷硬，语速中等，咬字有力，语气冷酷，带有威胁和忠诚。
3cb299c9b81782ca,王大嘴,10119,male,middle_aged,村民,嘴快 | 热情,9,ready,,确定人物设定：中年男性角色，声线必须保持这一年龄与性别呈现。一位中年男性村民，声音明亮略带油滑，语速较快，咬字清晰有力，情绪热情外放，说话时带有夸张的语气，爱说闲话。
0b5aeee429b0301f,老李,10117,male,middle_aged,村民,老实本分 | 感恩,9,ready,,确定人物设定：中年男性角色，声线必须保持这一年龄与性别呈现。一位中年男性村民，声音朴实厚道，语速适中，咬字清晰，带有乡村的质朴感，情绪平和友善，感恩时语气真诚。
f331eeca9a7ad6c1,背剑老猿,17302,nonhuman,ageless,nonhuman,,9,ready,,确定人物设定：超越常人年龄感的角色，声线必须保持这一年龄与性别呈现。非人类角色，声音为猴类叫声，音调高，语速快，能量高，音色尖锐，情绪可能活泼或警觉，无需人类语言。
17f8f13f0918d927,衙役,19834,male,young_adult,衙役,恭敬,9,ready,,确定人物设定：青年男性角色，声线必须保持这一年龄与性别呈现。一位年轻男性衙役，音高适中，音色普通，语速中等，力度中等，咬字清晰，情绪底色恭敬，带有下属的谦卑感。
6fcbbc261cf8325b,轻鸿,7004 | 7003,female,young_adult,天山派弟子,绝望 | 勇敢 | 护短,9,ready,,确定人物设定：青年女性角色，声线必须保持这一年龄与性别呈现。一位年轻女性天山派弟子，声音清亮而颤抖，语速快，语气激动，说话时带着绝望和恳求，情绪强烈，常带哭腔。
48f7031e2d8c6c74,郭蓉,11906,female,young_adult,侠女,直率 | 聪慧 | 独立,9,ready,,确定人物设定：青年女性角色，声线必须保持这一年龄与性别呈现。一位年轻女性侠客，声音清亮，音调中等，语速适中，说话干脆利落，带有自信和从容，偶尔带点讽刺意味，咬字清晰，有江湖儿女的爽朗。
6461317939018598,？？？,12017,male,adult,unknown,有礼 | 执着 | 侠义,9,ready,,确定人物设定：成年男性角色，声线必须保持这一年龄与性别呈现。一位成年男性，声音温润沉稳，语速适中，咬字清晰，说话客气有礼，解释事情时详细耐心，透出执着与侠义。
c60d95fbbc1d5edc,三清殿弟子,5004 | 5005,male,young_adult,武当弟子,侠义 | 恭敬,8,ready,,确定人物设定：青年男性角色，声线必须保持这一年龄与性别呈现。一位年轻的武当弟子，性别不明，声音清朗，语速适中，咬字清晰，情绪平和，带有恭敬和侠义感。
b9c32c167ad54a77,元松,10028,male,middle_aged,武当派弟子,傲慢 | 固执 | 忠诚,8,ready,,确定人物设定：中年男性角色，声线必须保持这一年龄与性别呈现。一位中年男性武当派弟子，声音清朗，语速中等，力度强，咬字清晰，情绪底色是傲慢强硬，说话带命令口吻，透出对门派的忠诚和固执。
d862d0be7e9001ad,刘妙女,12104,female,young_adult,裁缝,柔弱 | 易哭 | 感恩,8,ready,,确定人物设定：青年女性角色，声线必须保持这一年龄与性别呈现。一位年轻女性，声音清脆但柔弱，音高较高，语速较慢，力度较轻，咬字清晰但常带哭腔，情绪底色悲伤而感激，符合裁缝身份。
e5397aa8234b9d47,刘掌柜,19109,male,middle_aged,客栈掌柜,热情 | 谨慎,8,ready,,确定人物设定：中年男性角色，声线必须保持这一年龄与性别呈现。一位中年男性客栈掌柜，声音圆润，语速适中，语气热情，带着市井的亲切感，偶尔透出谨慎。
cf358a8b72dc3b35,南洋商人,19840,male,middle_aged,商人,精明 | 世故 | 善于言辞,8,ready,,确定人物设定：中年男性角色，声线必须保持这一年龄与性别呈现。一位中年男性商人，声音略带沙哑，语速适中，语气圆滑世故，善于言辞，常带叹息。
9cf6d20eb37a5c5d,商人,12503,male,young_adult,商人,精明 | 健谈 | 善于推销,8,ready,,确定人物设定：青年男性角色，声线必须保持这一年龄与性别呈现。一位成年男性商人，声音圆滑，音高适中，语速较快，力度较强，咬字清晰，带商贩油腔，情绪底色热情而功利。
fb8f6a9648ad47c0,头目,17042,male,middle_aged,头目,果断 | 谨慎 | 阴狠,8,ready,,确定人物设定：中年男性角色，声线必须保持这一年龄与性别呈现。一位成年男性头目，声音中等偏低，语速较慢，语气冷静而带有压迫感，咬字清晰，情绪内敛，透出杀手的阴狠与谨慎。
7fe328120b16ff47,巴迁,12103,male,adult,铁匠,直率 | 粗犷 | 朴实,8,ready,,确定人物设定：成年男性角色，声线必须保持这一年龄与性别呈现。一位成年男性铁匠，声音低沉浑厚，语速较快，力度较强，咬字有力，带有粗犷的市井气息，说话直率，情绪底色热情而朴实。
9c7c6b7ec02183e6,张庆,19715,male,adult,弟子,谨慎 | 负责,8,ready,,确定人物设定：成年男性角色，声线必须保持这一年龄与性别呈现。一位成年男性弟子，声音普通，语速中等，语气恭敬，回答问题时详细而谨慎，略带紧张感，体现其负责和小心。
6ed377ec050f4d34,李氏,10118,female,middle_aged,村民,朴实 | 感激,8,ready,,确定人物设定：中年女性角色，声线必须保持这一年龄与性别呈现。一位中年女性村民，声音温和朴实，语速适中，咬字清晰，带有乡村的质朴感，情绪平和友善，感激时语气真诚。
da48f1be722d3912,欧阳茂才,6005,male,elderly,名剑山庄长老,豪爽 | 慷慨 | 和蔼,8,ready,,确定人物设定：老年男性角色，声线必须保持这一年龄与性别呈现。一位老年男性武林长老，声音苍老而浑厚，语速适中，语气爽朗，带有长者的慈祥，情感底色是和蔼而豪迈，体现其慷慨与豪爽的性格。
9435dd172eeb813d,江湖侠士,19809,male,middle_aged,江湖侠士,愤慨 | 质疑 | 冲动,8,ready,,确定人物设定：中年男性角色，声线必须保持这一年龄与性别呈现。一位江湖侠士，性别不明，年龄感中年，声音中等音高，语速较快，力度较强，咬字清晰但带江湖气，情绪底色是愤怒与质疑，体现冲动直率的性格。
3583770156f966db,江湖名宿,19810,male,elderly,江湖名宿,老练 | 威严 | 谨慎 | 洞察,8,ready,,确定人物设定：老年男性角色，声线必须保持这一年龄与性别呈现。一位老年男性江湖名宿，声音低沉而苍老，语速中等，力度中等，咬字清晰稳重，情绪底色是沉稳与威严，体现老练洞察的性格。
daac7a074f7506e5,王宇,10109,male,child,村民孩子,天真 | 单纯,8,ready,,确定人物设定：儿童男性角色，声线必须保持这一年龄与性别呈现。一位小男孩，声音清脆稚嫩，语速较慢，语气天真单纯，带点撒娇，透出孩童的可爱。
e08363a74b6ecc03,王铁锤,16211,male,adult,穷山好汉,粗豪 | 冲动 | 直率,8,ready,,确定人物设定：成年男性角色，声线必须保持这一年龄与性别呈现。一位成年男性，声音粗犷低沉，语速中等，咬字清晰，语气豪迈，自称俺，言辞直白，冲动易怒。
422508bf6277fe57,神秘客,19717,male,adult,江湖人士,神秘 | 直接,8,ready,,确定人物设定：成年男性角色，声线必须保持这一年龄与性别呈现。一位成年男性江湖人士，声音低沉，语速中等，语气冷静而神秘，说话简洁，带交易口吻，体现其神秘和直接。
005f7b1406d7187b,蕊蕊,11703,female,young_adult,青木舫侍女,有礼 | 周到,8,ready,,确定人物设定：青年女性角色，声线必须保持这一年龄与性别呈现。一位年轻女性，声音清亮柔和，语速适中，咬字清晰，语气礼貌周到，带有恳请和感谢之意，体现侍女的身份感。
4dd44e1798198e30,裁缝-金氏,10236,female,middle_aged,裁缝,健谈 | 精明 | 略带八卦,8,ready,,确定人物设定：中年女性角色，声线必须保持这一年龄与性别呈现。一位中年女性裁缝，声音清亮，语速偏快，带着市井的亲切和精明，说话时偶尔压低声音透露八卦，咬字清晰利落，情绪底色热情而略带狡黠。
10ae4d23d99b5738,赵公子,17046,male,young_adult,公子,傲慢 | 欺软怕硬 | 易怒,8,ready,,确定人物设定：青年男性角色，声线必须保持这一年龄与性别呈现。一位年轻男性公子，声音中等音高，语速中等，语气傲慢且易怒，咬字清晰，带有书生的文雅但又不失纨绔的跋扈。
c925b24d206162f6,黑衣首领,19721,male,adult,unknown,凶悍 | 多疑 | 果断,8,ready,,确定人物设定：成年男性角色，声线必须保持这一年龄与性别呈现。成年男性，声音低沉粗犷，语速中等，能量高，咬字清晰有力，情绪以愤怒和警惕为主，带有江湖首领的威压感。
e58e0ba666576066,齐老汉,16031,male,elderly,unknown,急躁 | 警惕 | 直率,8,ready,,确定人物设定：老年男性角色，声线必须保持这一年龄与性别呈现。一位老年男性，声音苍老沙哑，音调较低，语速较快，说话急促，带着质问和警告的语气，咬字清晰但有些含糊，充满急躁和警惕的情绪。
556b22b255681c25,元木,5022,male,adult,武当弟子,老成持重,7,ready,,确定人物设定：成年男性角色，声线必须保持这一年龄与性别呈现。一位成年武当弟子，性别不明，声音沉稳，语速适中，咬字清晰，语气稳重，有老成持重之感。
cc47ab7666833dd4,吕侯,11907,male,young_adult,书生,优柔寡断 | 胆小 | 有才气,7,ready,,确定人物设定：青年男性角色，声线必须保持这一年龄与性别呈现。一位年轻男性书生，声音清朗，音调中等，语速较慢，说话时常叹气，语气犹豫不决，措辞文雅，带有书卷气，但透露出胆小和忧虑。
1028ffa80ae482e7,夜哭鬼,13300,male,adult,恶人谷弟子,自负 | 凶残 | 狡猾,7,ready,,确定人物设定：成年男性角色，声线必须保持这一年龄与性别呈现。一位成年男性恶人谷弟子，声音低沉沙哑，语速中等，咬字清晰，语气狂妄，自称大爷，言语中透出凶残和狡猾。
e9ccf6f4a112c1ef,天龙帮头目,45154,male,adult,帮派头目,凶狠 | 有责任心 | 狡猾,7,ready,,确定人物设定：成年男性角色，声线必须保持这一年龄与性别呈现。一位成年男性帮派头目，声音低沉，语速中等，语气凶狠，有时带有内心算计的独白，表现出凶狠和狡猾。
c76b1ae5f1baf7ae,孔四丫,19302,female,child,unknown,焦急 | 依赖父亲,7,ready,,确定人物设定：儿童女性角色，声线必须保持这一年龄与性别呈现。一位年幼女孩，声音清脆稚嫩，音调偏高，语速较快，语气中带着焦急和期盼，咬字清晰但带有童声的软糯感，情绪底色是等待父亲归来的急切。
897f57783615ff18,孙二狗,10402,male,middle_aged,村民,朴实 | 感恩 | 热情,7,ready,,确定人物设定：中年男性角色，声线必须保持这一年龄与性别呈现。一位中年男性村民，声音朴实憨厚，音调中等，语速适中，力度中等，咬字清晰带乡土味，情绪热情感激。
be8c57366b08bb18,小二,12009,male,young_adult,客栈伙计,热情 | 机灵,7,ready,,确定人物设定：青年男性角色，声线必须保持这一年龄与性别呈现。一位年轻男性客栈伙计，声音清亮，语速较快，咬字清晰，情绪热情，带有讨好的语气。
c4a5748dc8e57495,小胖,10303,male,child,程屠夫之子,天真 | 依赖 | 悲伤,7,ready,,确定人物设定：儿童男性角色，声线必须保持这一年龄与性别呈现。一位儿童男性，声音清脆稚嫩，语速中等，语气天真而悲伤，带哭腔，整体呈现孩童的脆弱感。
8af34930ce31942a,张秀才,10239,male,young_adult,秀才,文雅 | 清高 | 痴迷音律,7,ready,,确定人物设定：青年男性角色，声线必须保持这一年龄与性别呈现。一位年轻男性秀才，声音清朗，语速适中，带着文雅和清高，说话时措辞文雅，偶尔引用诗句，咬字清晰，情绪底色文雅而清高。
5b0f37b19239f40e,张老三,16024,male,middle_aged,平民,八卦 | 热情,7,ready,,确定人物设定：中年男性角色，声线必须保持这一年龄与性别呈现。一位中年男性平民，声音明亮，语速快，语气兴奋，咬字清晰，情绪热情而八卦，带市井气。
6c1a5c005dcd3395,杨大夫,16033,male,middle_aged,大夫,专业 | 直率 | 爱说教,7,ready,,确定人物设定：中年男性角色，声线必须保持这一年龄与性别呈现。一位中年男性，声音温厚，音调中等，语速中等，说话自信，带点调侃，喜欢用医学术语，咬字清晰准确，有大夫的专业感。
7ae10fd476d3ed85,桓王,19820,male,elderly,王侯,深沉 | 威严 | 老谋深算,7,ready,,确定人物设定：老年男性角色，声线必须保持这一年龄与性别呈现。一位老年男性王侯，音高较低，音色低沉浑厚，语速较慢，力度中等，咬字清晰稳重，情绪底色威严而略带感慨，带有王者深沉和老谋深算的气质。
b7e14d4843801dac,欧阳献公,6006,male,elderly,名剑山庄长老,威严 | 果断 | 豪迈,7,ready,,确定人物设定：老年男性角色，声线必须保持这一年龄与性别呈现。一位老年男性武林长老，声音苍老而有力，语速适中，语气威严，带有长者的霸气，情感底色是威严而豪迈，体现其果断与豪迈的性格。
58e46d5da6ea132e,瓷器贩子,19884,male,young_adult,merchant,健谈 | 世故,7,ready,,确定人物设定：青年男性角色，声线必须保持这一年龄与性别呈现。一位成年男性商人，声音圆滑，语速中等，带有世故和健谈的情绪，咬字清晰，有市井气息。
28c250f76c0dc6cd,由归交,19117,male,middle_aged,士兵,傲慢 | 狠辣,7,ready,,确定人物设定：中年男性角色，声线必须保持这一年龄与性别呈现。一位中年男性士兵，声音低沉，语速中等，语气傲慢，带着威胁和狠辣。
4ee68b43cd5e7c35,神秘少女,10045,female,teen,神秘少女,任性 | 敌视武当 | 狡黠,7,ready,,确定人物设定：少年女性角色，声线必须保持这一年龄与性别呈现。一位年轻少女，声音高亢，音色清亮甜美但带刺，语速较快，力度较强，咬字清晰，情绪底色轻蔑嘲讽，时而嬉笑，时而愤怒，带有邪气。
0f5112ddc25e5580,穿山蟒,45134,male,adult,山贼,急躁 | 忠诚 | 好斗,7,ready,,确定人物设定：成年男性角色，声线必须保持这一年龄与性别呈现。一位成年男性山贼，声音粗犷，语速较快，语气强硬，对上级恭敬，表现出急躁和好斗的性格。
7cdddb0b7957332a,胡员外,19892,male,middle_aged,富商,精明 | 有威严 | 慷慨,7,ready,,确定人物设定：中年男性角色，声线必须保持这一年龄与性别呈现。一位中年男性富商，声音圆润沉稳，语速中等，措辞老练，情绪多变，时而严厉时而和善。
04de45db019c591e,舞舫舫主,17031,female,middle_aged,舞舫舫主,精明 | 热情 | 善于经营,7,ready,,确定人物设定：中年女性角色，声线必须保持这一年龄与性别呈现。一位中年女性舞舫舫主，声音圆润，语速适中，语调热情，咬字清晰，带有商人式的精明与招呼感。
6d15bd6c735580e5,船工-李陆峰,11505,male,middle_aged,船工,健谈 | 直率 | 略带市井气,7,ready,,确定人物设定：中年男性角色，声线必须保持这一年龄与性别呈现。一位中年男性船工，声音中等音高，语速偏快，音色略带沙哑和市井气，咬字清晰但随意，情绪轻松，带点江湖人的油滑和健谈感。
72262b86bc818994,苦水村村长,16100,male,elderly,村长,无奈 | 坚韧 | 悲观,7,ready,,确定人物设定：老年男性角色，声线必须保持这一年龄与性别呈现。一位老年男性村长，声音苍老沙哑，语速缓慢，语气中带着无奈和沧桑，咬字清晰但常带叹息，适合表现留守老人的悲凉。
0235314d21603500,解八殷,13105,male,middle_aged,丐帮精英弟子,朴实 | 亲如手足,7,ready,,确定人物设定：中年男性角色，声线必须保持这一年龄与性别呈现。一位丐帮弟子，性别不明，年龄感中等，声音自然朴实，音高适中，语速中等，咬字清晰，情绪底色平和，带点对美食的向往，有江湖人的质朴感。
3f60af5b469ec712,货郎,29305 | 29306 | 29501 | 28205 | 28261 | 29503 | 28242,male,young_adult,货郎,热情,7,ready,,确定人物设定：青年男性角色，声线必须保持这一年龄与性别呈现。一位行走货郎，性别未知，声音明亮，语速较快，咬字清晰，情绪热情，带有市井叫卖的吆喝感，充满活力。
e4c19bb2bc751f86,道妙,5042,male,middle_aged,武当长老,精打细算 | 亲切,7,ready,,确定人物设定：中年男性角色，声线必须保持这一年龄与性别呈现。一位中年男性，约四十至五十岁，声音温和而清晰，音调中等，语速适中，说话细致，情绪亲切而平和，符合武当长老的身份。
e21ef17eccc3ed81,钓鱼翁,10046 | 13106,male,elderly,钓鱼翁,自夸 | 热情 | 直率,7,ready,,确定人物设定：老年男性角色，声线必须保持这一年龄与性别呈现。一位老年男性，声音低沉但洪亮，语速中等偏快，咬字清晰有力，情绪高昂，带有自夸和调侃的意味，透出江湖老手的自信与豪爽。
753e49dc357a83a6,铁蛋他娘,10702,female,middle_aged,村民,慈爱 | 担忧,7,ready,,确定人物设定：中年女性角色，声线必须保持这一年龄与性别呈现。一位中年女性村民，声音柔和，语速中等，音色偏柔，咬字清晰，情绪慈爱而担忧，带有母亲的温柔和焦急。
31011964cec01142,黑衣人,11516,male,adult,神秘人,冷酷 | 寡言 | 不耐烦,7,ready,,确定人物设定：成年男性角色，声线必须保持这一年龄与性别呈现。一位男性黑衣人，声音低沉沙哑，语速缓慢，语气冰冷，咬字清晰但生硬，情绪冷漠疏离，带不耐烦的压迫感。
9d25eccb769e9290,？？？,45943,female,young_adult,江湖侠客,勇敢 | 感激 | 机敏,7,ready,,确定人物设定：青年女性角色，声线必须保持这一年龄与性别呈现。一位年轻的江湖侠客，性别未知。声音清朗，语速中等，语气礼貌，内心活动丰富。咬字清晰，情绪底色感激而警觉，带有江湖人的机敏与勇敢。
dae4f6d77477a4f8,南疆卫兵,12509,male,young_adult,卫兵,严厉 | 警惕 | 粗暴,6,ready,,确定人物设定：青年男性角色，声线必须保持这一年龄与性别呈现。一位成年男性卫兵，声音低沉粗犷，语速较快，语气强硬，带有命令和威胁的意味，情绪警惕而不耐烦。
27d4633225f9d913,宋掌柜,19835,male,middle_aged,掌柜,热情 | 精明,6,ready,,确定人物设定：中年男性角色，声线必须保持这一年龄与性别呈现。一位中年男性掌柜，音高适中，音色圆润，语速中等，力度中等，咬字清晰，情绪底色热情，带有商人的精明感。
b30d6ea08ac8db13,小二-吕大勇,16006,male,young_adult,店小二,殷勤,6,ready,,确定人物设定：青年男性角色，声线必须保持这一年龄与性别呈现。一位店小二，声音自然，语速适中，语气殷勤，带着服务客人的热情。
c14d6313650d3856,小二-尹柯,10008,male,young_adult,客栈伙计,机灵 | 客气 | 活泼,6,ready,,确定人物设定：青年男性角色，声线必须保持这一年龄与性别呈现。一位年轻男性客栈伙计，声音清亮，语速较快，说话热情客气，带点机灵和讨好。
bfea872d5097ba84,小红杏,16034,female,young_adult,风尘女子,轻浮 | 世故 | 爱笑,6,ready,,确定人物设定：青年女性角色，声线必须保持这一年龄与性别呈现。一位年轻女性，声音娇媚，音调偏高，语速较快，说话轻佻，带着笑意，用词挑逗，咬字清晰但带点嗲，充满风尘女子的世故和欢快。
10512bd3fa15fc3e,少年侠客,5017,male,young_adult,挑战者,好胜 | 冲动,6,ready,,确定人物设定：青年男性角色，声线必须保持这一年龄与性别呈现。一位年轻男性侠客，声音年轻清亮，语速较快，语气挑衅，充满好胜心，带江湖草莽气。
46509cdb8d9d08e8,山贼头目-蓝卢,10112,male,adult,山贼头目,暴躁 | 冲动,6,ready,,确定人物设定：成年男性角色，声线必须保持这一年龄与性别呈现。一位成年男性山贼头目，声音低沉，音色粗犷，语速较快，力度较强，咬字清晰，情绪底色愤怒，语气急促。
ec7064225f36d6d1,峋谷关士兵,29452 | 29453 | 29456 | 29457 | 29458 | 29451,male,young_adult,峋谷关士兵,尽职 | 严肃,6,ready,,确定人物设定：青年男性角色，声线必须保持这一年龄与性别呈现。一位成年男性士兵，声音中等音高，语速中等，音色普通但略带沙哑，说话简短有力，咬字清晰，情绪严肃警惕，带有军人特有的命令感和威慑力。
cbb5e6c70ee39e68,恶人谷弟子,10241,male,young_adult,恶人谷弟子,粗鲁 | 胆大 | 冲动,6,ready,,确定人物设定：青年男性角色，声线必须保持这一年龄与性别呈现。一位年轻男性恶人谷弟子，声音中等音高，语速较快，语气粗鲁，带江湖气，常低声密谋，咬字重，情绪底色冲动而凶狠。
6a9ac6f11bfe6317,慕容垂云,19502,male,middle_aged,武馆馆主,自豪 | 务实,6,ready,,确定人物设定：中年男性角色，声线必须保持这一年龄与性别呈现。一位中年武馆馆主，声音沉稳有力，语速中等，咬字清晰，带有自豪感和务实态度，体现江湖人的直爽。
d9a2a0fa310a80b9,斗笠客,12014,male,adult,unknown,神秘 | 警惕 | 果断,6,ready,,确定人物设定：成年男性角色，声线必须保持这一年龄与性别呈现。一位身份不明的江湖客，声音低沉而略带沙哑，语速中等，咬字清晰，语气冷静而带有警惕和威胁感，仿佛随时准备出手。
a7f2f02aba62cb7c,朱量,45183,male,young_adult,山贼,暴躁 | 果断 | 有领导力,6,ready,,确定人物设定：青年男性角色，声线必须保持这一年龄与性别呈现。一位成年男性山贼，声音粗犷，语速中等，语气强硬，常以命令式说话，表现出暴躁和果断的性格。
89bfc3a88cb8b3b0,李二虎,19002,male,young_adult,平民,豪爽 | 直率,6,ready,,确定人物设定：青年男性角色，声线必须保持这一年龄与性别呈现。一位青年男性，声音中等音高，语速中等，音色爽朗，咬字清晰，情绪热情，符合豪爽直率的平民形象。
95ebdb7e19a98d03,李当归,19878,female,child,unknown,活泼 | 孝顺 | 天真,6,ready,,确定人物设定：儿童女性角色，声线必须保持这一年龄与性别呈现。一位小女孩，声音清脆稚嫩，语速较快，充满活力和童趣，咬字清晰，情绪欢快。
50d3e3ab7f2f0ff8,李菁,10110,female,child,村民孩子,天真 | 乖巧,6,ready,,确定人物设定：儿童女性角色，声线必须保持这一年龄与性别呈现。一位小女孩，声音清脆稚嫩，语速较慢，语气天真乖巧，透出孩童的纯真。
d75c3029c1476095,武馆师妹,10229 | 10230 | 10231 | 10232 | 10233 | 10234,female,young_adult,武馆弟子,认真,6,ready,,确定人物设定：青年女性角色，声线必须保持这一年龄与性别呈现。一位年轻女性武馆弟子，声音高亢，语速中等，音色清亮，咬字清晰，情绪认真，带着习武之人的直接。
9f426b84124f0172,汪端,19116,male,middle_aged,帮派成员,心虚 | 慌张,6,ready,,确定人物设定：中年男性角色，声线必须保持这一年龄与性别呈现。一位中年男性帮派成员，声音尖细，语速较快，语气慌张，带着心虚和不安。
a0e42f200addec45,海盗精锐,45395,male,young_adult,海盗,粗鲁 | 服从,6,ready,,确定人物设定：青年男性角色，声线必须保持这一年龄与性别呈现。一位成年男性海盗，声音粗犷，语速中等，咬字清晰，语气粗鲁，带有不耐烦和警惕。
f0c298965e3df22f,清霄,5060,male,young_adult,武当弟子,强势 | 冲动 | 有正义感,6,ready,,确定人物设定：青年男性角色，声线必须保持这一年龄与性别呈现。一位年轻男性，约二十岁左右，声音清亮而尖锐，音调偏高，语速较快，说话激烈，情绪愤怒而激动，符合武当弟子的身份。
1d4f94dacd97e8b7,游仙岛勇士,45928,male,middle_aged,游仙岛勇士,豪爽 | 好奇 | 直率,6,ready,,确定人物设定：中年男性角色，声线必须保持这一年龄与性别呈现。一位游仙岛勇士，声音浑厚有力量感，语速中等，咬字清晰略带粗犷，情绪底色是热情和好奇，带有江湖人的豪爽和直率。
f44f4d020e63d2d2,王有财,10238,male,middle_aged,员外,好色 | 吝啬 | 势利,6,ready,,确定人物设定：中年男性角色，声线必须保持这一年龄与性别呈现。一位中年男性员外，声音中等音高，语速中等，带着轻浮和自得，说话时喜欢炫耀，咬字清晰，情绪底色轻浮而自得。
f147849e9be090bf,盘山蟒,45133,male,adult,山贼头目,谨慎 | 忠诚 | 有些懦弱,6,ready,,确定人物设定：成年男性角色，声线必须保持这一年龄与性别呈现。一位成年男性山贼头目，声音略带沙哑，语速中等，对上级说话时语气恭敬，有时结巴，表现出谨慎和顺从。
aca05ef38fe6fcc9,素素,19512,female,young_adult,师妹,娇气 | 依赖 | 天真,6,ready,,确定人物设定：青年女性角色，声线必须保持这一年龄与性别呈现。一位年轻师妹，声音甜美，音调较高，语速中等，语气娇嗔，常带撒娇，体现天真依赖。
81386f1d54f25ff3,路人,19901,male,middle_aged,unknown,好奇 | 热情 | 谨慎,6,ready,,确定人物设定：中年男性角色，声线必须保持这一年龄与性别呈现。性别不明，声音普通，语速较快，语气兴奋好奇，带点江湖人的热情和谨慎，说话时充满活力。
ae30d37b8345f703,郭老,10212,male,elderly,unknown,爱打听 | 爱八卦 | 市井气,6,ready,,确定人物设定：老年男性角色，声线必须保持这一年龄与性别呈现。一位老年男性，声音略带沙哑，语速较快，充满市井的好奇与八卦感，说话时常常压低声音，带着神秘和兴奋的语气。
37b01da3e319eca8,铁匠-老陈,10129,male,middle_aged,铁匠,豪爽 | 自嘲,6,ready,,确定人物设定：中年男性角色，声线必须保持这一年龄与性别呈现。一位中年男性铁匠，声音粗犷有力，语速适中，咬字清晰，语气豪爽，带点自嘲，情绪豪爽开朗。
d31f43e1055389b1,黄小邪,19511,female,young_adult,弟子,温柔 | 体贴 | 随性,6,ready,,确定人物设定：青年女性角色，声线必须保持这一年龄与性别呈现。一位年轻女弟子，声音柔和，语速中等，语气温柔体贴，带点随性，体现对师妹的关心。
983897dd268ca0ea,黑衣禅师,19765,male,elderly,禅师,刚烈 | 固执 | 除魔卫道,6,ready,,确定人物设定：老年男性角色，声线必须保持这一年龄与性别呈现。老年男性，声音苍老浑厚，语速中等，能量高，咬字清晰有力，情绪愤怒坚定，带有佛门高僧的威严与除魔决心。
3f13d22db6eb2248,齐德龙,16032,male,young_adult,unknown,单纯 | 老实 | 容易受骗,6,ready,,确定人物设定：青年男性角色，声线必须保持这一年龄与性别呈现。一位年轻男性，声音清亮，音调中等，语速中等，说话简短，语气平淡，带着点懵懂和老实，咬字清晰，情绪起伏不大。
e650839f1192c151,？？？,19004,male,elderly,unknown,沉稳,6,ready,,确定人物设定：老年男性角色，声线必须保持这一年龄与性别呈现。一位老年男性，声音低音，语速慢，音色温厚而略带苍老颗粒感，咬字清晰稳重，情绪平和克制，带有武林前辈的沉稳。
d5086a8b79551473,东洋商人,19841,male,middle_aged,商人,精明 | 世故 | 善于言辞,5,ready,,确定人物设定：中年男性角色，声线必须保持这一年龄与性别呈现。一位中年男性商人，声音略带沙哑，语速适中，语气圆滑世故，善于言辞，常带笑声。
07a4c9f505f8b546,乌鸦,12012 | 10811,nonhuman,unknown,nonhuman,,5,ready,,一只乌鸦，发出尖锐而沙哑的叫声，音调较高，节奏中等，能量中等，无语言内容，仅模拟乌鸦的哇哇声。
1272c456546feb90,伙计,19893,male,young_adult,伙计,谨慎 | 恭敬,5,ready,,确定人物设定：青年男性角色，声线必须保持这一年龄与性别呈现。一位年轻男性伙计，声音清亮，语速中等，语气恭敬，情绪略带紧张。
caa17ea27a5509b5,元心,5025 | 28201,male,young_adult,武当弟子,跟随,5,ready,,确定人物设定：青年男性角色，声线必须保持这一年龄与性别呈现。一位成年武当弟子，性别不明，声音温和，语速适中，咬字清晰，语气平和，有跟随者的谦和。
14b930317f735501,叶三娘,11905,female,middle_aged,裁缝,胆小 | 礼貌 | 手艺好,5,ready,,确定人物设定：中年女性角色，声线必须保持这一年龄与性别呈现。一位中年女性裁缝，声音柔和细腻，音调中等偏低，语速较慢，说话时带着怯懦和不安，常用敬语，咬字清晰温婉，带有江南女子的柔美气质。
05a73ceb273a56bd,周继,17050,male,adult,平民,自责 | 忧郁,5,ready,,确定人物设定：成年男性角色，声线必须保持这一年龄与性别呈现。一位成年男性，声音低沉，语速较慢，语气中带着自责和忧郁，常叹息。
f5f1e79d1911695d,天剑宗弟子,11205,male,young_adult,天剑宗弟子,冲动 | 正义感强,5,ready,,确定人物设定：青年男性角色，声线必须保持这一年龄与性别呈现。一位年轻男性天剑宗弟子，声音清亮，语速较快，语气激昂，咬字清晰有力，情绪以愤怒和正义感为主。
4c9317499e88b641,天山弟子,7005,male,young_adult,天山派弟子,悲愤 | 忠诚 | 虚弱,5,ready,,确定人物设定：青年男性角色，声线必须保持这一年龄与性别呈现。一位年轻男性天山派弟子，声音沙哑而虚弱，语速较慢，语气低沉，说话时带着悲愤和哀痛，常伴随咳嗽，显得虚弱无力。
b5342b40086aef78,孔茹,12102,female,adult,unknown,谨慎 | 细心 | 略带忧虑,5,ready,,确定人物设定：成年女性角色，声线必须保持这一年龄与性别呈现。一位成年女性，声音柔和细腻，音高适中，语速中等偏慢，力度较轻，咬字清晰但轻柔，情绪底色带着忧虑和谨慎，说话时带有试探和不确定的语气，符合古代市井女子的谦恭感。
d5f969868ba3ad90,官兵甲,11613,male,young_adult,官兵,轻浮 | 欺软怕硬,5,ready,,确定人物设定：青年男性角色，声线必须保持这一年龄与性别呈现。一位年轻男性官兵，声音清亮带油滑，语速较快，语气轻佻，咬字清晰但显轻浮，情绪得意洋洋，带调笑意味。
73738017e58c237d,年轻女侠,5018,female,young_adult,挑战者,泼辣 | 好胜,5,ready,,确定人物设定：青年女性角色，声线必须保持这一年龄与性别呈现。一位年轻女性侠客，声音清脆明亮，语速快，语气泼辣，好胜心强，带江湖女子的爽利。
11659c47747cb9ba,店小二,19961,male,young_adult,店小二,热情 | 周到,5,ready,,确定人物设定：青年男性角色，声线必须保持这一年龄与性别呈现。性别不明，年龄感偏年轻，音高偏高，音色明亮带市井气，语速较快，力度中等，咬字清晰，情绪底色热情周到，带有店小二的职业感。
9adde68818f2d60a,张大树,19205,male,adult,村民,幽默 | 乐观,5,ready,,确定人物设定：成年男性角色，声线必须保持这一年龄与性别呈现。一位成年男性村民，声音中等音高，语速适中，音色普通略带粗犷，咬字清晰，语气轻松愉快，带有幽默感。
418d9aca610865d3,徐长老,45415,male,elderly,长老,威严 | 公正,5,ready,,确定人物设定：老年男性角色，声线必须保持这一年龄与性别呈现。一位老年男性长老，声音低沉苍老，语速缓慢，咬字清晰稳重，语气威严，带有公正感。
f0a263b8a912fc02,恶哪吒-李砣,13107,male,middle_aged,南疆双恶之一,凶悍 | 自恃聪明,5,ready,,确定人物设定：中年男性角色，声线必须保持这一年龄与性别呈现。一位南疆恶人，性别不明，年龄感中年，声音低沉粗犷，语速中等偏快，力度强，咬字清晰，情绪底色凶狠带点自得，有江湖狠角色的霸气。
4b9fda53b149b1e6,拳镇一方-洪金,5021,male,elderly,挑战者,自负 | 暴躁,5,ready,,确定人物设定：老年男性角色，声线必须保持这一年龄与性别呈现。一位老年男性江湖人，声音苍老粗犷，语速中等，语气自负，暴躁，自称老夫。
33547ebeaa735745,无影剑-陆断,11609,male,middle_aged,剑客,孤傲 | 冷漠,5,ready,,确定人物设定：中年男性角色，声线必须保持这一年龄与性别呈现。一位中年男性剑客，声音低沉，语速缓慢，咬字清晰，带有孤傲冷漠感，性别呈现男性，年龄感中年。
ee7207c3cafc3e83,无影剑—陆断,45192,male,middle_aged,剑客,狂妄 | 果断 | 有领导力,5,ready,,确定人物设定：中年男性角色，声线必须保持这一年龄与性别呈现。一位成年男性剑客，声音低沉，语速中等，语气狂妄，常以命令式说话，有时大笑，表现出果断和领导力。
1b1637f16303f53d,曲乔乔,17021,female,adult,平民,八卦 | 亲切,5,ready,,确定人物设定：成年女性角色，声线必须保持这一年龄与性别呈现。一位成年女性平民，声音清亮，语速中等，咬字清晰，语气亲切，带有八卦和好奇的情绪。
af247b9f936335a6,欧阳衡,19208,male,middle_aged,名剑山庄庄主,沉稳 | 重情义,5,ready,,确定人物设定：中年男性角色，声线必须保持这一年龄与性别呈现。一位中年男性武林庄主，声音醇厚，音调中等，语速适中，咬字清晰稳重，情绪平和而关切，带有庄主的威严与重情义之感。
384ec46be2f06e1e,水匪喽啰,12900,male,adult,水匪喽啰,粗鲁 | 贪婪 | 胆怯,5,ready,,确定人物设定：成年男性角色，声线必须保持这一年龄与性别呈现。一位成年男性水匪，声音粗犷，语速中等，咬字略显含糊，语气粗俗直白，时而嚣张，遇到强敌时显得胆怯结巴。
5cf18bab6c124e10,程屠夫,10301,male,middle_aged,屠户,豪爽 | 知足,5,ready,,确定人物设定：中年男性角色，声线必须保持这一年龄与性别呈现。一位成年男性屠户，声音低沉粗犷，语速中等，语气豪爽得意，整体呈现江湖粗人的形象。
436005ffb2856fb2,翼卫,19972,male,middle_aged,翼卫,忠诚 | 勇猛,5,ready,,确定人物设定：中年男性角色，声线必须保持这一年龄与性别呈现。性别不明，年龄感偏壮年，音高适中，音色浑厚，语速较快，力度高，咬字清晰，情绪底色激昂，带有战士的忠诚与勇猛。
b03a9984df8e2b0d,老赵,10121,male,middle_aged,樵夫,朴实 | 直爽,5,ready,,确定人物设定：中年男性角色，声线必须保持这一年龄与性别呈现。一位中年男性樵夫，声音粗犷有力，语速适中，咬字清晰，语气直爽，带有劳动人民的朴实感。
6705a78ad6499afc,胡大望,11302,male,young_adult,村民,不耐烦 | 自信 | 朴实,5,ready,,确定人物设定：青年男性角色，声线必须保持这一年龄与性别呈现。一位村民，声音粗犷朴实，语速中等，语气直接，略带不耐烦，但带有自信感。
56839e62449651ed,臧镖头,16036,male,adult,镖头,专业 | 客气 | 稳重,5,ready,,确定人物设定：成年男性角色，声线必须保持这一年龄与性别呈现。一位成年男性，声音浑厚，音调中等，语速适中，说话客气，用词正式，咬字清晰准确，有镖头的稳重和江湖气。
583cc70951323ff7,船工-雷直,11501,male,middle_aged,船工,病弱 | 无奈,5,ready,,确定人物设定：中年男性角色，声线必须保持这一年龄与性别呈现。一位中年男性船工，声音低沉沙哑，语速缓慢，经常咳嗽，语气虚弱无奈。
6eb0424502fe101e,蒙面人,45548,male,adult,杀手,凶悍 | 直率 | 贪婪,5,ready,,确定人物设定：成年男性角色，声线必须保持这一年龄与性别呈现。一位成年男性蒙面杀手，声音粗犷有力，语速中等偏快，语气强硬，充满威胁和挑衅。咬字清晰，情绪底色凶狠嚣张，带有江湖草莽的戾气。
9c150aba8d8fc900,蒙面客,19858,male,young_adult,神秘人物,冷酷 | 神秘 | 果断,5,ready,,确定人物设定：青年男性角色，声线必须保持这一年龄与性别呈现。一位神秘人物，性别不明，年龄感不明，音高较低，音色低沉阴冷，语速缓慢，力度低，咬字清晰而冰冷，情绪底色冷酷神秘，带有神秘人物的果断和冷酷感。
db893bb1ae5d5fdd,赵小姐,17049,female,young_adult,小姐,多愁善感 | 温柔,5,ready,,确定人物设定：青年女性角色，声线必须保持这一年龄与性别呈现。一位年轻女性小姐，声音柔美，音调中等，语速较慢，语气中带着哀愁和温柔，多愁善感。
cc1ab233eee66311,道微,5043,male,middle_aged,武当长老,强势 | 果决,5,ready,,确定人物设定：中年男性角色，声线必须保持这一年龄与性别呈现。一位中年男性，约四十至五十岁，声音洪亮而有力，音调中等，语速较快，说话强硬直接，情绪严厉而坚定，符合武当长老的身份。
b7c8145d9e5438cc,邹氏,10120,female,middle_aged,村民,忧虑,5,ready,,确定人物设定：中年女性角色，声线必须保持这一年龄与性别呈现。一位中年女性村民，声音低沉柔和，语速较慢，咬字清晰，情绪忧虑无奈，说话时常带叹息。
61390edc62a0fef2,钱六婶,16027,female,middle_aged,unknown,八卦 | 爱说闲话,5,ready,,确定人物设定：中年女性角色，声线必须保持这一年龄与性别呈现。一位中年女性，声音圆润略带沙哑，音调中等，语速中等，说话时喜欢压低声音，带着神秘和八卦的兴奋感，咬字清晰但有时故意含糊，像在说悄悄话。
cdadae9bb28a1ec0,陈镖头,19118,male,middle_aged,镖头,忧虑 | 直率,5,ready,,确定人物设定：中年男性角色，声线必须保持这一年龄与性别呈现。一位中年男性镖头，声音粗犷，语速中等，语气忧虑，带着江湖人的直率。
6910574c8818cfc5,雷三娘,11507,female,middle_aged,村民,忧虑 | 善良 | 关心家人,5,ready,,确定人物设定：中年女性角色，声线必须保持这一年龄与性别呈现。一位中年女性村民，声音中等音高，语速偏慢，音色柔和带点沙哑，咬字清晰轻柔，情绪忧虑哀愁，透出对生活的担忧。
7396d1b0c04b64ba,雷家村村长,11500,male,elderly,村长,悲观 | 无奈,5,ready,,确定人物设定：老年男性角色，声线必须保持这一年龄与性别呈现。一位老年男性村长，声音低沉苍老，语速缓慢，语气沉重，常带叹息，充满悲观和无奈。
a08ab30f1cd8984b,香料商人,19887,male,middle_aged,商人,精明 | 健谈,5,ready,,确定人物设定：中年男性角色，声线必须保持这一年龄与性别呈现。一位中年男性商人，声音圆润，语速中等，措辞圆滑，热情中带狡黠。
6dbc3ff8063ab8ca,？？？,19711,female,young_adult,神秘女子,冷静 | 果断 | 神秘,5,ready,,确定人物设定：青年女性角色，声线必须保持这一年龄与性别呈现。一位成年女性神秘人物，声音清冷，音调中等，语速适中，咬字清晰，语气冷静，情绪果断，带有神秘和领导气质。
25469abe085dfd94,初代玄女,19975,female,adult,unknown,威严 | 失望,4,ready,,确定人物设定：成年女性角色，声线必须保持这一年龄与性别呈现。一位成年女性，声音低沉，语速缓慢，语气威严而带失望，说话时带有叹息，有上位者的气势。
d21225724e0ac597,博坊打手,10213 | 10214 | 10215 | 10216,male,middle_aged,打手,凶悍 | 不耐烦,4,ready,,确定人物设定：中年男性角色，声线必须保持这一年龄与性别呈现。一位成年男性打手，声音低沉粗犷，语速较慢但充满威胁感，语气简短直接，带着不耐烦和警惕。
843d9619d61972aa,天水城士兵,16004,male,young_adult,士兵,严肃,4,ready,,确定人物设定：青年男性角色，声线必须保持这一年龄与性别呈现。一位士兵，声音粗犷，语速较快，语气严厉，带有命令感，咬字清晰有力。
75ef24819b171210,天龙帮弟子,19413,male,young_adult,天龙帮弟子,胆怯 | 服从,4,ready,,确定人物设定：青年男性角色，声线必须保持这一年龄与性别呈现。一位成年男性帮派弟子，声音普通，音调中等，语速中等，语气畏缩，咬字含糊，情绪恐惧哀求，带有胆怯和服从感。
08c2f99d576965c4,孙氏,10302,female,middle_aged,程屠夫之妻,贤惠 | 关心家庭,4,ready,,确定人物设定：中年女性角色，声线必须保持这一年龄与性别呈现。一位成年女性，声音柔美，语速中等，语气温和，谈论家常，整体呈现贤妻良母的形象。
5d0b66971c676e9f,崔小姐,10209,female,young_adult,崔家二小姐,活泼 | 好奇,4,ready,,确定人物设定：青年女性角色，声线必须保持这一年龄与性别呈现。一位年轻女性崔家二小姐，声音清脆甜美。语速中等，语气轻快，咬字清晰活泼，情绪底色轻松愉快。
a85960a8b848d2b1,布商,19881,female,young_adult,merchant,精明 | 热情,4,ready,,确定人物设定：青年女性角色，声线必须保持这一年龄与性别呈现。一位成年女性商人，声音圆润，语速中等，带有热情和亲切的情绪，咬字清晰，有商业口吻。
211ede9b8a734e2c,旺福,10806,nonhuman,unknown,nonhuman,,4,ready,,一只狗的叫声，声音为犬吠，中等音高和音量，情绪普通，无语言内容。
17192fce2b3b166a,李金钟,19206,male,young_adult,村民,豪爽 | 热情,4,ready,,确定人物设定：青年男性角色，声线必须保持这一年龄与性别呈现。一位成年男性村民，声音中等音高，语速较快，音色洪亮，咬字清晰，语气热情开朗，带有豪爽感。
837c49692ac064a4,李阿四,16025,male,young_adult,平民,惊讶 | 消息灵通,4,ready,,确定人物设定：青年男性角色，声线必须保持这一年龄与性别呈现。一位年轻男性平民，声音普通，语速快，语气惊讶，咬字清晰，情绪惊讶而好奇。
e68d9d02c617f4ab,村长,10122,male,elderly,村长,和善 | 感恩,4,ready,,确定人物设定：老年男性角色，声线必须保持这一年龄与性别呈现。一位老年男性村长，声音低沉，音色苍老温和，语速较慢，力度较弱，咬字清晰，情绪底色和蔼，语气客气。
7faec68e19d571f3,樊城卫兵,11602 | 28244,male,young_adult,卫兵,严厉 | 警惕,4,ready,,确定人物设定：青年男性角色，声线必须保持这一年龄与性别呈现。一位成年男性卫兵，声音低沉，语速偏快，音色粗犷，咬字清晰有力，情绪严厉警惕，透出军人的威严。
bb8938aa7973b23b,樵三斧,5019,male,middle_aged,挑战者,粗豪 | 暴躁,4,ready,,确定人物设定：中年男性角色，声线必须保持这一年龄与性别呈现。一位中年男性江湖人，声音粗犷沙哑，语速中等，语气暴躁，带草莽气息，自称老子。
8da6f720ad332c73,武大力,5020,male,middle_aged,访客,豪爽 | 谦逊,4,ready,,确定人物设定：中年男性角色，声线必须保持这一年龄与性别呈现。一位中年男性江湖人，声音浑厚，语速中等，语气豪爽，带谦逊，有武者风范。
f042e5c46b66570c,毛人守卫,45289,nonhuman,ageless,毛人守卫,原始 | 警觉,4,ready,,确定人物设定：超越常人年龄感的角色，声线必须保持这一年龄与性别呈现。一位毛人守卫，非人类，性别不明，年龄感模糊。声音尖锐而刺耳，语速较快，能量较高，带有警觉和激动的情绪。发音为吱吱叫声，无清晰语言。
34cef59a3c97a2b1,渊国士兵,19406 | 28259 | 28260,male,young_adult,士兵,忠诚 | 勇猛,4,ready,,确定人物设定：青年男性角色，声线必须保持这一年龄与性别呈现。一位成年男性士兵，声音洪亮，音调中等，语速较快，语气激昂振奋，咬字清晰有力，情绪底色是忠诚与勇猛。
238a0a4ab55cd30c,玄火教弟子,9005,male,young_adult,玄火教弟子,忠诚 | 狂热,4,ready,,确定人物设定：青年男性角色，声线必须保持这一年龄与性别呈现。一位年轻的玄火教弟子，声音中等音高，语速适中，语气激昂有力，咬字清晰，带有狂热的忠诚感。
f5036d1ef82e8300,王家仆人,10258,male,young_adult,仆人,嚣张 | 粗暴 | 忠诚,4,ready,,确定人物设定：青年男性角色，声线必须保持这一年龄与性别呈现。一位成年男性仆人，声音粗犷，语速较快，语气嚣张，常带威胁和辱骂，情绪粗暴，整体给人嚣张粗暴的感觉。
8cc92580ee1b3175,船工-汪曲,11504,male,middle_aged,船工,迷信 | 谨慎,4,ready,,确定人物设定：中年男性角色，声线必须保持这一年龄与性别呈现。一位中年男性船工，声音中等，语速适中，语气中带着神秘和恐惧，对水鬼传说深信不疑。
9fad6f325442702e,船老大-雷壮,11502,male,middle_aged,船老大,果断 | 谨慎,4,ready,,确定人物设定：中年男性角色，声线必须保持这一年龄与性别呈现。一位中年男性船老大，声音浑厚有力，语速较快，语气简短果断，透露出谨慎。
4db5d9320537d674,蒋镖头,11605,male,middle_aged,镖头,豪爽 | 世故,4,ready,,确定人物设定：中年男性角色，声线必须保持这一年龄与性别呈现。一位中年男性镖头，声音浑厚有力，语速中等，咬字清晰，带有江湖人的豪爽与世故，性别呈现男性，年龄感中年。
c5719a1ce8e7d17b,赵德,19308,male,young_adult,教众,狂热 | 贪婪,4,ready,,确定人物设定：青年男性角色，声线必须保持这一年龄与性别呈现。一位成年男性教众，声音粗犷，音调中等，语速较快，语气狂热激动，咬字清晰，情绪底色是对神丹的贪婪与狂热。
f5dc93aef946e19b,赶尸人-陈道清,45462,male,middle_aged,赶尸人,现实 | 冷静,4,ready,,确定人物设定：中年男性角色，声线必须保持这一年龄与性别呈现。一位中年赶尸人，声音中性偏低沉，语速中等，咬字清晰，带有江湖人的世故和冷静，情绪底色是现实和略带嘲讽。
26a4b22d0acdfd3f,醉汉,10242,male,middle_aged,醉汉,醉态 | 迷糊 | 固执,4,ready,,确定人物设定：中年男性角色，声线必须保持这一年龄与性别呈现。一位中年男性醉汉，声音含糊沙哑，语速缓慢，口齿不清，常打嗝，重复语句，情绪底色迷糊而固执。
76cbf328da1cb3b1,醋小虾,19963,male,young_adult,unknown,豪爽 | 热情 | 幽默,4,ready,,确定人物设定：青年男性角色，声线必须保持这一年龄与性别呈现。一位年轻男性，声音明亮，语速较快，语气豪爽热情，带点幽默感，有江湖人的洒脱和义气。
f787c0c810903289,采花贼,10306,male,adult,采花贼,猥琐 | 好色,4,ready,,确定人物设定：成年男性角色，声线必须保持这一年龄与性别呈现。一位成年男性采花贼，声音油腻，语速较慢，语气轻浮，带淫笑，整体呈现猥琐好色的形象。
f5386752ac0f1814,驿卒,19894,male,young_adult,驿卒,机敏 | 谨慎,4,ready,,确定人物设定：青年男性角色，声线必须保持这一年龄与性别呈现。一位年轻男性驿卒，声音清亮，语速中等，语气谨慎，带神秘感。
44658dfcc67c7817,龟奴,11912,male,middle_aged,unknown,,4,ready,,确定人物设定：中年男性角色，声线必须保持这一年龄与性别呈现。由于信息不足，无法生成具体声音描述。
6918453d960425b3,？？？,19973,male,middle_aged,unknown,冷静 | 执着,4,ready,,确定人物设定：中年男性角色，声线必须保持这一年龄与性别呈现。性别不明，声音中性，语速中等，语气冷静而坚定，说话简短有力，透露出对剑道的执着。
3ab853f98730f5ff,全兜有,16202,male,adult,商人,热情 | 精明,3,ready,,确定人物设定：成年男性角色，声线必须保持这一年龄与性别呈现。一位成年男性商人，声音圆润，语速适中，语气热情而精明，咬字清晰，带有生意人的和气。
15bb8ef83ae1861d,八两金,16201,male,young_adult,村民,贪财 | 直率,3,ready,,确定人物设定：青年男性角色，声线必须保持这一年龄与性别呈现。一位成年男性村民，声音明亮，语速较快，语气轻快而直率，咬字清晰，带有市井小民的贪财和爽快。
0843cbbf2fe890f7,六扇门差役,6500,male,young_adult,六扇门差役,恭敬 | 干练 | 忠诚,3,ready,,确定人物设定：青年男性角色，声线必须保持这一年龄与性别呈现。一位年轻男性六扇门差役，声音普通而略带沙哑，语速适中，语气恭敬，说话简洁干练，多用于汇报和应答，带有官差特有的沉稳。
d3e1752c0fa9b5d5,兵祸叛民,19731 | 19730,male,adult,叛民,疯狂 | 暴戾,3,ready,,确定人物设定：成年男性角色，声线必须保持这一年龄与性别呈现。成年男性，声音嘶哑粗粝，语速快，能量高，咬字模糊但有力，情绪疯狂暴戾，带有叛民的狂乱感。
87561a8f60c89ecb,名剑山庄弟子,10026,male,young_adult,名剑山庄弟子,自信 | 好奇,3,ready,,确定人物设定：青年男性角色，声线必须保持这一年龄与性别呈现。一位名剑山庄弟子，性别年龄未知，声音中等音高，语速适中，力度中等，音色普通，咬字清晰，情绪底色轻松自信，带有江湖新人的朝气。
94629e713d7f1435,名剑弟子,6012,male,young_adult,名剑山庄弟子,冲动 | 正义感强 | 易怒,3,ready,,确定人物设定：青年男性角色，声线必须保持这一年龄与性别呈现。一位年轻男性名剑山庄弟子，声音清亮有力，语速较快，情绪激昂，说话时充满正义感和愤怒，语气直接而带有质问的意味。
3593a2da6ec5b40c,尤逆难,45185,male,young_adult,山贼,慌张 | 忠诚,3,ready,,确定人物设定：青年男性角色，声线必须保持这一年龄与性别呈现。一位成年男性山贼，声音普通，语速较快，语气慌张，有时结巴，表现出紧张和忠诚。
3d3ecf274df2dc35,峋谷关守卫,45224 | 19819 | 28257,male,middle_aged,士兵,警惕 | 严肃,3,ready,,确定人物设定：中年男性角色，声线必须保持这一年龄与性别呈现。一位成年男性守卫，声音刚硬，语速较快，力度强，咬字果断，带着警惕和严肃的军人气质，说话简短有力。
34c8f16465bb3037,张永明,19307,male,young_adult,教众,热切 | 忠诚,3,ready,,确定人物设定：青年男性角色，声线必须保持这一年龄与性别呈现。一位成年男性教众，声音粗犷，音调中等，语速中等，语气热切兴奋，咬字清晰，情绪底色是对教派的忠诚与对功绩的渴望。
86ebd77aac7a76ec,暗市商人,19896,male,middle_aged,暗市商人,神秘 | 谨慎 | 守规矩,3,ready,,确定人物设定：中年男性角色，声线必须保持这一年龄与性别呈现。一位中年男性暗市商人，声音低沉沙哑，语速缓慢，语气警惕严肃。
b2df9050e320ea68,朱五哥,10270,male,young_adult,货郎,热情 | 健谈,3,ready,,确定人物设定：青年男性角色，声线必须保持这一年龄与性别呈现。一位成年男性货郎，声音中等音高，音色明亮，语速快，能量高，语气热情，咬字清晰，带有吆喝叫卖的感觉。
708225aa2bb79dbe,杂货-张安,16005,male,young_adult,杂货商,热情,3,ready,,确定人物设定：青年男性角色，声线必须保持这一年龄与性别呈现。一位杂货商，声音明亮，语速适中，语气热情，带着吆喝叫卖的活力。
8441867d34cbba84,杂货商,11401,male,middle_aged,商人,抱怨 | 现实,3,ready,,确定人物设定：中年男性角色，声线必须保持这一年龄与性别呈现。一位普通村民商人，声音中等，语速适中，语气中带着抱怨和现实感，市井气息浓厚。
dc84e8df7a16cdf2,欧阳小桃,6010,female,child,平民,活泼 | 机灵 | 亲近,3,ready,,确定人物设定：儿童女性角色，声线必须保持这一年龄与性别呈现。一位小女孩，声音清脆甜美，语速较快，语气俏皮，带有少女的灵动，情感底色是欢快而俏皮，体现其活泼机灵的性格。
d18a9ef388ce5654,清谷子,12703,female,young_adult,unknown,自豪 | 感慨,3,ready,,确定人物设定：青年女性角色，声线必须保持这一年龄与性别呈现。一位性别不明的武侠，声音中等音高，语速中等，音色普通，咬字清晰，情绪底色平和，带有自豪和感慨。
f9fb198062bef3e1,渊军精锐,45392,male,young_adult,士兵,服从 | 粗鲁,3,ready,,确定人物设定：青年男性角色，声线必须保持这一年龄与性别呈现。一位成年男性士兵，声音粗犷，语速中等，咬字清晰，语气严肃，服从命令，有时带有敌意。
dc324c9aa0ecac27,游方郎中,19602,male,middle_aged,郎中,,3,ready,,确定人物设定：中年男性角色，声线必须保持这一年龄与性别呈现。一位游方郎中，声音温和清晰，语速适中，咬字稳重，情绪平和，带有医者的沉稳与专业感。
5274a59b0be0de69,玄火教弟子,19008,male,young_adult,玄火教弟子,傲慢 | 不耐烦,3,ready,,确定人物设定：青年男性角色，声线必须保持这一年龄与性别呈现。一位性别不明、年龄不详的玄火教弟子，声音尖锐，音调中等，语速较快，力度较强，咬字清晰，情绪底色为轻蔑或不屑，体现其傲慢不耐烦的性格。
f257e561ddd9d797,王五妹,16026,female,teen,unknown,泼辣 | 直率,3,ready,,确定人物设定：少年女性角色，声线必须保持这一年龄与性别呈现。一位年轻女性，声音清脆明亮，音调偏高，语速较快，说话直接泼辣，带着不耐烦和挑衅的意味，咬字清晰有力，有市井少女的爽利感。
bedda3c9947b206b,王家护院,10260,male,adult,护院,警觉 | 尽职,3,ready,,确定人物设定：成年男性角色，声线必须保持这一年龄与性别呈现。一位成年男性护院，声音中等音高，音色粗犷，语速中等，语气直接而警惕，咬字清晰，带有护卫的尽职感。
839289f66c8ab9d0,王生,10211,male,middle_aged,居民,愤世嫉俗 | 文雅,3,ready,,确定人物设定：中年男性角色，声线必须保持这一年龄与性别呈现。一位中年男性居民，声音沉稳，带书卷气。语速中等，语气感慨，咬字清晰有力，情绪底色无奈愤慨。
15d2cfcde0d35296,白面郎君,17016,male,young_adult,书生,文雅 | 多情,3,ready,,确定人物设定：青年男性角色，声线必须保持这一年龄与性别呈现。一位年轻男性书生，声音清朗，语速较慢，咬字清晰柔和，带有文雅和多情的气质，情绪温文尔雅。
5b8e3ec0cde346d4,船工阿三,19846 | 19838,male,adult,船工,朴实 | 恭敬,3,ready,,确定人物设定：成年男性角色，声线必须保持这一年龄与性别呈现。一位成年男性船工，声音普通，语速适中，语气恭敬，用词简单朴实。
04a790b0a025bfa1,苗疆百姓,19767,male,middle_aged,苗疆百姓,惊慌 | 愤怒,3,ready,,确定人物设定：中年男性角色，声线必须保持这一年龄与性别呈现。一位苗疆普通百姓，性别不明，年龄感中年，声音中等音高，语速较快，力度较强，咬字清晰但带地方口音，情绪底色是惊慌与愤怒，面对妖怪时表现出恐惧与敌意。
a9daeb47220bcc76,茶博士,12502 | 13207,male,young_adult,茶馆伙计,精明 | 健谈,3,ready,,确定人物设定：青年男性角色，声线必须保持这一年龄与性别呈现。一位成年男性茶馆伙计，声音清亮，音高适中，语速中等，力度中等，咬字清晰，带市井油滑感，情绪底色热情而略带调侃。
f0eabf0efb8bbf53,药材商,12505,male,adult,药材商,专业 | 礼貌,3,ready,,确定人物设定：成年男性角色，声线必须保持这一年龄与性别呈现。一位成年男性药材商，声音沉稳，音高适中，语速中等，力度中等，咬字清晰，带商贩气，情绪底色平和专业。
48aa049206c5f34b,萨玛,13102,female,young_adult,unknown,欣赏,3,ready,,确定人物设定：青年女性角色，声线必须保持这一年龄与性别呈现。一位性别不明的武侠，声音中等音高，语速中等，音色普通，咬字清晰，情绪底色欣赏。
721ddcccb8c7df4e,蛇部勇士,45278,male,young_adult,蛇部勇士,勇猛 | 冲动,3,ready,,确定人物设定：青年男性角色，声线必须保持这一年龄与性别呈现。一位蛇部勇士，性别不明，年龄感模糊。声音低沉，语速较快，能量较高，带有愤怒和急切的情绪。音色粗犷而沙哑，咬字清晰有力，充满战斗气势。
d6735d9cd2b8d918,赤炼蛇,45013,nonhuman,ageless,nonhuman,,3,ready,,确定人物设定：超越常人年龄感的角色，声线必须保持这一年龄与性别呈现。非人类生物，蛇类，发出短促的嘶嘶声，声音尖锐而带有威胁感，无语言内容。
fea3f10776d68ba0,路人,19900,male,middle_aged,unknown,谨慎 | 怀疑,3,ready,,确定人物设定：中年男性角色，声线必须保持这一年龄与性别呈现。性别不明，声音普通，语速中等，语气带怀疑和谨慎，说话时有些断续，像在试探对方。
f75e1f69b2008ce9,身本忧,19805,male,middle_aged,天竺僧人,悲观 | 嘲讽 | 洞察 | 冷漠,3,ready,,确定人物设定：中年男性角色，声线必须保持这一年龄与性别呈现。一位中年男性天竺僧人，声音低沉而略带沙哑，语速中等，力度较低，咬字清晰但带沙哑，情绪底色是冷漠与嘲讽，常带冷笑，体现悲观洞察的性格。
c7a38697026c9d16,道通,5041,male,middle_aged,武当长老,稳重 | 谨慎,3,ready,,确定人物设定：中年男性角色，声线必须保持这一年龄与性别呈现。一位中年男性，约四十至五十岁，声音温厚，音调中等，语速适中，说话平稳简洁，情绪平和，符合武当长老的身份。
bbb6266e5f2ea337,随从弟子,19726,male,young_adult,弟子,恭敬 | 干练,3,ready,,确定人物设定：青年男性角色，声线必须保持这一年龄与性别呈现。年轻男性，声音清朗，语速中等，能量中等，咬字清晰，情绪恭敬认真，带有弟子对上级的敬畏感。
859db4f442230c01,青木舫弟子,11706 | 11707,female,young_adult,青木舫弟子,泼辣 | 警觉,3,ready,,确定人物设定：青年女性角色，声线必须保持这一年龄与性别呈现。一位年轻女性，声音清亮，语速较快，语气尖锐带斥责，体现泼辣警觉的弟子形象。
56a5c90058972a9f,项虬龙,17014,male,adult,江湖人士,豪爽 | 不拘小节,3,ready,,确定人物设定：成年男性角色，声线必须保持这一年龄与性别呈现。一位成年男性江湖人士，声音低沉浑厚，语速中等，咬字清晰，情绪底色豪爽，有时透出慵懒。
351a2c1e9e843510,黄朝,11611,male,middle_aged,捕快,正义 | 责任感,3,ready,,确定人物设定：中年男性角色，声线必须保持这一年龄与性别呈现。一位中年男性捕快，声音坚实，语速中等，咬字清晰，带有正义感，性别呈现男性，年龄感中年。
35ca796806912682,黑衣人,10252,male,adult,神秘黑衣人,凶狠 | 冷酷 | 威胁,3,ready,,确定人物设定：成年男性角色，声线必须保持这一年龄与性别呈现。一位成年男性黑衣人，声音低沉沙哑，语速较快，语气凶狠，简短有力，充满威胁，情绪冷酷，整体给人凶狠冷酷的感觉。
2f0d2a2938be20f9,？？？,19723,male,middle_aged,unknown,从容 | 冷酷 | 玩味,3,ready,,确定人物设定：中年男性角色，声线必须保持这一年龄与性别呈现。成年男性，声音温润略带磁性，语速缓慢，能量低，咬字清晰优雅，情绪从容冷酷，带有上位者的玩味感。
201a27aef068158c,,36755,male,adult,unknown,轻浮 | 谨慎,2,ready,,确定人物设定：成年男性角色，声线必须保持这一年龄与性别呈现。性别不明，声音普通，语速中等，语气轻浮带点痞气，说话时有些随意，但透出谨慎。
b779ef72be70877b,乌格,8514,male,young_adult,五仙教弟子,忠诚 | 勇猛 | 直率,2,ready,,确定人物设定：青年男性角色，声线必须保持这一年龄与性别呈现。一位年轻的苗疆男性弟子，声音中等音高，语速适中，语气坚定有力，咬字干脆，带有勇猛和忠诚的情感底色。
d00c7ce0e2ba0c26,乌罴,19708,male,adult,苗疆勇士,勇猛 | 直率,2,ready,,确定人物设定：成年男性角色，声线必须保持这一年龄与性别呈现。一位成年男性苗疆勇士，声音粗犷，音调低，语速中等，语气惊叹，咬字有力，情绪顽强，带有勇猛直率之感。
b0a46129bbc9259e,元冲,28202 | 5026,male,young_adult,武当弟子,冲动,2,ready,,确定人物设定：青年男性角色，声线必须保持这一年龄与性别呈现。一位性别不明、年龄较轻的角色，声音明亮，语速较快，力度较强，咬字清楚，情绪冲动而直接，带有年轻人的急躁。
08436a7b3705508f,元曾,5055,male,young_adult,武当弟子,侠义 | 恭敬,2,ready,,确定人物设定：青年男性角色，声线必须保持这一年龄与性别呈现。一位年轻男性武当弟子，声音清朗，语速适中，语气恭敬，咬字清晰，情绪恭敬激昂，带有侠义之气。
d0dff922529c4567,元济,5056,male,young_adult,武当精英弟子,自信 | 恭敬,2,ready,,确定人物设定：青年男性角色，声线必须保持这一年龄与性别呈现。一位年轻男性武当精英弟子，声音清朗有力，语速适中，语气自信，咬字清晰，情绪激昂，带有侠义之气。
d8c89986d742df47,元真,28200 | 5023,male,young_adult,武当弟子,心直口快,2,ready,,确定人物设定：青年男性角色，声线必须保持这一年龄与性别呈现。一位性别不明、年龄中等的角色，声音清晰，语速中等，力度适中，咬字清楚，情绪直接而坦率，带有武当弟子的正气。
74e219d8005cb778,六扇门铁卫,16019,male,young_adult,六扇门铁卫,,2,ready,,确定人物设定：青年男性角色，声线必须保持这一年龄与性别呈现。一位六扇门铁卫，声音未知，仅发出痛苦的惨叫，声音短促而低沉。
648611fe9de8ed10,刘发周,28210,male,young_adult,六扇门差役,不满现状 | 有野心,2,ready,,确定人物设定：青年男性角色，声线必须保持这一年龄与性别呈现。一位六扇门差役，声音普通而清晰，语速适中，语气略带不满，带有市井的烟火气，武侠世界中的公门小人物身份感。
36d154c2f16b294f,刘至生,28219,male,young_adult,名剑山庄外门弟子,现实 | 有野心 | 略带不甘,2,ready,,确定人物设定：青年男性角色，声线必须保持这一年龄与性别呈现。一位年轻男子，声音略带沙哑，音调中等，语速中等，咬字清晰，情绪底色略带无奈与渴望，透出现实与不甘的性格。
66c28b38500a96b8,千陵渡船夫,12100,male,elderly,船夫,朴实,2,ready,,确定人物设定：老年男性角色，声线必须保持这一年龄与性别呈现。一位成年男性船夫，声音朴实，语速中等，咬字清晰，情绪平和，带有询问的语气。
21a63091309b7dca,名剑船夫,17116,male,elderly,船夫,和善 | 谦卑,2,ready,,确定人物设定：老年男性角色，声线必须保持这一年龄与性别呈现。一位老年男性船夫，声音苍老，音调低，语速缓慢，说话恭敬，带有老年人的沧桑和谦卑。
4aadd412022ddbdc,吕家护卫,17013,male,young_adult,护卫,尽责,2,ready,,确定人物设定：青年男性角色，声线必须保持这一年龄与性别呈现。一位成年男性护卫，声音中等音高，语速适中，语气严肃而坚定，咬字清晰，带有江湖中人的干练与警觉。
350a40a919a29ccd,周白,11406,male,child,村民,天真 | 好奇,2,ready,,确定人物设定：儿童男性角色，声线必须保持这一年龄与性别呈现。一位小男孩，声音清脆，语速较快，语气活泼天真，充满好奇。
5be6f80a63d9427c,圣火卫,45249,male,young_adult,圣火卫,狂热 | 忠诚,2,ready,,确定人物设定：青年男性角色，声线必须保持这一年龄与性别呈现。一位圣火卫，性别不明，年龄感模糊。声音中等音高，语速适中，能量较高，带有狂热和坚定的情绪。音色洪亮而坚定，咬字清晰有力，充满战斗意志。
df149828e0eb2569,天水卫兵,28245 | 28246,male,middle_aged,卫兵,无奈 | 隐忍,2,ready,,确定人物设定：中年男性角色，声线必须保持这一年龄与性别呈现。一位卫兵，声音低沉，语速中等，咬字清晰，语气中带着对门派势力的无奈和隐忍，给人压抑、谨慎的感觉。
4f67d2ce76042219,天龙帮帮众,19400,male,adult,天龙帮帮众,服从 | 凶悍,2,ready,,确定人物设定：成年男性角色，声线必须保持这一年龄与性别呈现。一位成年男性帮众，声音粗犷，音调中等，语速较快，语气强硬，咬字有力，情绪凶狠坚决，带有江湖草莽的凶悍感。
23599660b8b50ee5,天龙帮弟子,19005,male,young_adult,帮派弟子,凶狠 | 忠诚,2,ready,,确定人物设定：青年男性角色，声线必须保持这一年龄与性别呈现。一位青年男性，声音中等音高，语速中等，音色粗犷，咬字清晰，情绪凶狠，符合天龙帮弟子的身份。
8de65ce93fd0ab70,宁国将领,19817,male,middle_aged,将领,警觉 | 感激,2,ready,,确定人物设定：中年男性角色，声线必须保持这一年龄与性别呈现。一位中年男性将领，音高适中，音色浑厚，语速中等，力度中等，咬字清晰，情绪底色警觉，带有军人的威严感。
ef785ca0c96960b7,寨阿龙,19763,male,adult,unknown,深情 | 执着,2,ready,,确定人物设定：成年男性角色，声线必须保持这一年龄与性别呈现。成年男性，声音低沉沙哑，语速缓慢，能量低，咬字清晰，情绪深情哀伤，带有对爱人的执着与温柔。
dd376aafac3192ba,小二-阮大志,10218,male,young_adult,店小二,机灵 | 谨慎,2,ready,,确定人物设定：青年男性角色，声线必须保持这一年龄与性别呈现。一位年轻男性店小二，声音清亮，语速较快，语气恭敬，但在涉及敏感话题时会变得支吾谨慎。
44feeb7bc2631794,小贩,12504,male,middle_aged,小贩,热情 | 朴实,2,ready,,确定人物设定：中年男性角色，声线必须保持这一年龄与性别呈现。一位成年男性小贩，声音朴实，音高适中，语速中等，力度中等，咬字清晰，带市井气，情绪底色热情而略带尴尬。
181f65cc80684d54,山贼,10809 | 10810,male,middle_aged,山贼,谄媚,2,ready,,确定人物设定：中年男性角色，声线必须保持这一年龄与性别呈现。一位成年男性山贼，声音中等音高，音色粗犷，语速中等，力度中等，咬字清晰，情绪底色讨好，语气奉承。
ab0d040458ad7c95,年轻镖师,11104 | 11105,male,young_adult,镖师,热情,2,ready,,确定人物设定：青年男性角色，声线必须保持这一年龄与性别呈现。一位年轻男性，声音年轻有力，语速中等，咬字清晰，情绪自豪，带有年轻人的热情。
75a0bd040b361ecb,幻青,10246,female,young_adult,五毒教弟子,文静 | 温和,2,ready,,确定人物设定：青年女性角色，声线必须保持这一年龄与性别呈现。一位年轻女性五毒教弟子，声音柔和清亮，语速适中，语气温和，带敬意，咬字清晰，情绪底色温和而文静。
16c73d6e4e0bc43c,异种金蝎,19718,nonhuman,unknown,nonhuman,凶悍 | 警戒,2,ready,,非人生物，尖锐高亢的虫类嘶鸣，带有威胁性的摩擦声，语速快，能量高，无清晰语言，仅表达攻击性和警戒。
7c4640ad09eb1296,张志豪,28228,male,elderly,丐帮污衣派长老,不喜争斗 | 避世,2,ready,,确定人物设定：老年男性角色，声线必须保持这一年龄与性别呈现。一位老年男性武林长老，声音低沉苍老，语速缓慢，语气平和而略带无奈，透露出不喜争斗、避世的心态。
fd14bf69908fcf59,张猎户,19889 | 19601,male,middle_aged,猎户,豪爽 | 务实,2,ready,,确定人物设定：中年男性角色，声线必须保持这一年龄与性别呈现。一位中年男性猎户，声音粗犷有力，语速较快，语气直率，情绪急切兴奋。
bbf932012b1f59c7,慕家弟子,19958,female,young_adult,慕家女弟子,知礼,2,ready,,确定人物设定：青年女性角色，声线必须保持这一年龄与性别呈现。一位慕家女弟子，声音清脆柔和，语速中等，咬字清晰，情绪温和，带有女弟子的温婉。
6b0c050a6ac9bfa1,慧信,28213,male,young_adult,少林弟子,有礼 | 忧虑,2,ready,,确定人物设定：青年男性角色，声线必须保持这一年龄与性别呈现。一位少林弟子，声音平和而清晰，语速适中，语气有礼，带有佛门弟子的慈悲与忧虑，武侠世界中的少林僧人身份感。
2aa59291aa480d83,慧元,28214,male,teen,少林弟子,天真 | 好奇,2,ready,,确定人物设定：少年男性角色，声线必须保持这一年龄与性别呈现。一位少林弟子，声音清亮而活泼，语速较快，语气天真好奇，带有少年人的气息，武侠世界中的年轻僧人身份感。
11c21c13ea8d4f1d,慧宁,28215,male,young_adult,少林弟子,直率 | 有见识,2,ready,,确定人物设定：青年男性角色，声线必须保持这一年龄与性别呈现。一位少林弟子，声音坚实而直率，语速适中，咬字清晰，带有武僧的豪爽与见识，武侠世界中的少林武僧身份感。
713693a5d8ee8d2f,无影众,45194 | 45195,male,adult,刺客,谨慎,2,ready,,确定人物设定：成年男性角色，声线必须保持这一年龄与性别呈现。一位成年刺客，声音低沉，语速缓慢，语气谨慎而神秘，表现出低调和小心。
7e260a4bad5a20d6,晁鸿熙,19122,male,middle_aged,士兵,忧虑 | 忠诚,2,ready,,确定人物设定：中年男性角色，声线必须保持这一年龄与性别呈现。一位成年男性士兵，声音中等偏低，语速适中，音色低沉，咬字清晰，语气中带有忧虑和感慨，但仍有军人的坚定。
cb644c6d2189c74a,杂工,19885 | 19888,male,young_adult,laborer,踏实 | 乐观,2,ready,,确定人物设定：青年男性角色，声线必须保持这一年龄与性别呈现。一位成年男性劳工，声音朴实，语速中等，带有乐观和鼓励的情绪，咬字清晰。
d30400b926f006df,李秋芳,28217,female,young_adult,青木舫弟子,淡泊 | 聪慧 | 略带忧虑,2,ready,,确定人物设定：青年女性角色，声线必须保持这一年龄与性别呈现。一位年轻女子，声音清柔温婉，音调中等偏高，语速缓慢，咬字清晰柔和，情绪底色平静中带一丝感慨，透出文雅与淡泊的气质。
a40113a257be038d,杨氏,19882,female,young_adult,customer,挑剔 | 识货,2,ready,,确定人物设定：青年女性角色，声线必须保持这一年龄与性别呈现。一位成年女性，声音柔和，语速中等，带有满意和评价的情绪，咬字清晰。
38c382fbb5f8bca5,柳生卫门,11512,male,middle_aged,东瀛武者,好奇 | 好战 | 有礼,2,ready,,确定人物设定：中年男性角色，声线必须保持这一年龄与性别呈现。一位中年男性东瀛武者，声音中等音高，语速中等，音色清朗带点异域感，咬字清晰，略带口音，情绪好奇庄重，透出对中原武林的兴趣。
9a5eba7b224cd54a,樊城卫兵,11601 | 28243,male,middle_aged,卫兵,严厉 | 警惕,2,ready,,确定人物设定：中年男性角色，声线必须保持这一年龄与性别呈现。一位成年男性卫兵，声音低沉，语速偏快，音色粗犷，咬字清晰有力，情绪严厉警惕，透出军人的威严。
8366ea0c6b88f90a,狂化玄火密卫,45304,male,young_adult,狂化玄火密卫,狂热 | 疯狂,2,ready,,确定人物设定：青年男性角色，声线必须保持这一年龄与性别呈现。一位狂化玄火密卫，性别不明，年龄感模糊。声音低沉，语速较快，能量极高，带有狂热和疯狂的情绪。音色粗犷而嘶吼，咬字清晰但狂放，充满战斗的疯狂。
e64a5c6b69113edf,猿猴首领,45017,nonhuman,ageless,nonhuman,有领导性,2,ready,,确定人物设定：超越常人年龄感的角色，声线必须保持这一年龄与性别呈现。非人类生物，猿猴首领，发出较粗的吱吱声，声音带有威严和主导感，无语言内容。
8cc7936b34a0e380,王氏,11403,female,middle_aged,村民,悲伤 | 无助,2,ready,,确定人物设定：中年女性角色，声线必须保持这一年龄与性别呈现。一位中年女性村民，声音中等，语速缓慢，语气哽咽，充满悲伤和无助，带有哭腔。
53b9a587e8754e11,王铁胆,28227,male,young_adult,丐帮弟子,感恩 | 朴实 | 乐观,2,ready,,确定人物设定：青年男性角色，声线必须保持这一年龄与性别呈现。一位年轻男性丐帮弟子，声音憨厚，音调中等，语速中等，咬字清晰，情绪底色温和而乐观，透出感恩与朴实的性格。
ad02d60bd9a99be2,白衣人,16409,male,young_adult,神秘人,神秘 | 寡言,2,ready,,确定人物设定：青年男性角色，声线必须保持这一年龄与性别呈现。一位神秘的白衣人，声音低沉，语速缓慢，力度轻柔，咬字清晰，情绪底色冷淡而神秘，说话简短，透露出不愿多谈的疏离感。
bbcb11667d3cf39a,秦保,45184,male,young_adult,山贼,抱怨 | 急躁,2,ready,,确定人物设定：青年男性角色，声线必须保持这一年龄与性别呈现。一位成年男性山贼，声音普通，语速较快，语气抱怨，表现出急躁和不满。
178f1efce2a85a6c,简希,11306,male,elderly,未知,警觉 | 无奈,2,ready,,确定人物设定：老年男性角色，声线必须保持这一年龄与性别呈现。一位江湖人士，声音紧张而无奈，语速较快，语气中带有警觉和无奈。
6a895ad0c45e9f0c,米郎中,28204,male,middle_aged,郎中,谨慎 | 关心他人,2,ready,,确定人物设定：中年男性角色，声线必须保持这一年龄与性别呈现。一位中年郎中，声音温和而沉稳，语速适中，咬字清晰，带有医者的关切与谨慎，武侠世界中行走江湖的郎中身份感。
535eb9fb765fb6d8,船工阿四,19839 | 19847,male,young_adult,船工,谨慎 | 忧虑,2,ready,,确定人物设定：青年男性角色，声线必须保持这一年龄与性别呈现。一位成年男性船工，声音普通，语速较慢，语气低沉，带忧虑感。
2cb9ffaf12ae4870,花铃,12507,female,young_adult,unknown,直率 | 略带思乡,2,ready,,确定人物设定：青年女性角色，声线必须保持这一年龄与性别呈现。一位年轻女性，声音清亮，语速较快，咬字清晰，情绪活泼直率，偶尔流露出对江南繁华的向往与淡淡的乡愁。
4267f8050c0ab842,茶摊小二,17035,male,young_adult,小二,勤快 | 热情,2,ready,,确定人物设定：青年男性角色，声线必须保持这一年龄与性别呈现。一位年轻男性茶摊小二，声音清亮，语速较快，语调热情，咬字清晰，带有勤快的招呼感。
16f5fc5434802d2e,董贯,28224,male,middle_aged,镖师,世故 | 有野心,2,ready,,确定人物设定：中年男性角色，声线必须保持这一年龄与性别呈现。一位中年男性镖师，声音略带沙哑，音调中等，语速中等，咬字清晰，情绪底色略带算计，透出世故与有野心的性格。
6825be6e93364c77,裁缝-阮氏,16007,female,young_adult,裁缝,健谈,2,ready,,确定人物设定：青年女性角色，声线必须保持这一年龄与性别呈现。一位裁缝，声音自然，语速适中，语气平和，带着介绍商品的从容。
08acc9752b422a8a,资深镖师,11102 | 11103,male,middle_aged,镖师,沉稳,2,ready,,确定人物设定：中年男性角色，声线必须保持这一年龄与性别呈现。一位中年男性，声音沉稳，语速中等，咬字清晰，情绪平静，带有镖师的干练。
f3c0a2cec00eeca0,赵府家丁,17047,male,adult,家丁,忠诚 | 凶悍,2,ready,,确定人物设定：成年男性角色，声线必须保持这一年龄与性别呈现。一位成年男性家丁，声音中等音高，语速中等，语气凶狠，咬字清晰，带有打手的蛮横与对主子的忠诚。
ecc087bdd41caf05,赵虎,28226,male,young_adult,镖师,谨慎 | 现实,2,ready,,确定人物设定：青年男性角色，声线必须保持这一年龄与性别呈现。一位年轻男性镖师，声音沉稳，音调中等，语速中等，咬字清晰，情绪底色谨慎而略带无奈，透出谨慎与现实的性格。
6aa40a86f487eb54,郑百财,11608,male,middle_aged,商人,市侩 | 圆滑,2,ready,,确定人物设定：中年男性角色，声线必须保持这一年龄与性别呈现。一位中年男性商人，声音圆润，语速中等，咬字清晰，带有市侩圆滑感，性别呈现男性，年龄感中年。
45e442f17765b616,郝任,11307,male,middle_aged,未知,正直 | 无奈,2,ready,,确定人物设定：中年男性角色，声线必须保持这一年龄与性别呈现。一位江湖人士，声音正直而无奈，语速中等，语气坚定，咬字清晰。
50d2923bf2acb061,陆虢,11308,male,young_adult,未知,抱怨 | 无奈,2,ready,,确定人物设定：青年男性角色，声线必须保持这一年龄与性别呈现。一位江湖人士，声音抱怨而无奈，语速中等，语气中带有抱怨和无奈。
1db86c37edb18d86,陈三宝,28207,male,middle_aged,武师,好武 | 好奇,2,ready,,确定人物设定：中年男性角色，声线必须保持这一年龄与性别呈现。一位武师，声音坚实而直率，语速适中，咬字清晰，带有武人的豪爽与好奇，武侠世界中的江湖武师身份感。
e16d19de8f36e902,陈氏,11404,female,young_adult,村民,担忧 | 务实,2,ready,,确定人物设定：青年女性角色，声线必须保持这一年龄与性别呈现。一位年轻女性村民，声音清亮，语速中等，语气中带着忧虑和务实，对生计问题感到担忧。
2c7ea5d9685384b3,霹雳门匠师,12601 | 12602,male,middle_aged,匠师,专注 | 专业,2,ready,,确定人物设定：中年男性角色，声线必须保持这一年龄与性别呈现。一位成年男性匠师，声音平稳，语速中等，咬字清晰，情绪平静专业，话语简短而技术性。
a88564763bb4021c,魏继绝,17039,male,young_adult,武馆学徒,聪慧 | 好学,2,ready,,确定人物设定：青年男性角色，声线必须保持这一年龄与性别呈现。一位年轻男性武馆学徒，声音清朗，语速适中，语调认真，咬字清晰，带有聪慧好学的专注感。
c913876e5371b7dd,黎掌柜,19300,male,adult,掌柜,客气,2,ready,,确定人物设定：成年男性角色，声线必须保持这一年龄与性别呈现。一位成年掌柜，声音中等音高，语速适中，音色普通，咬字清晰，语气客气礼貌。
1c9e14af4ec8b4e3,？？？,19976,male,middle_aged,unknown,霸气,2,ready,,确定人物设定：中年男性角色，声线必须保持这一年龄与性别呈现。性别不明，声音低沉，语速缓慢，语气霸气而坚定，说话简短有力，有枭雄气概。
49e577bd990c8a7d,？？？,19724,male,young_adult,unknown,谄媚 | 机灵 | 阴柔,2,ready,,确定人物设定：青年男性角色，声线必须保持这一年龄与性别呈现。成年男性，声音尖细柔滑，语速中等，能量中等，咬字清晰圆滑，情绪谄媚讨好，带有阴柔的奴仆感。
5c48896864c4011e,？？？,19862,female,young_adult,神秘人物,神秘 | 超然,2,ready,,确定人物设定：青年女性角色，声线必须保持这一年龄与性别呈现。一位神秘人物，性别不明，年龄感不明，音高中等，音色空灵飘渺，语速缓慢，力度低，咬字清晰而悠远，情绪底色超然物外，带有神秘和超然的气质。
8cb7ea2a16c5a708,？？？,10311,female,young_adult,神秘人物,优雅 | 神秘,2,ready,,确定人物设定：青年女性角色，声线必须保持这一年龄与性别呈现。一位神秘人物，性别不明，年龄感未知，声音中等音高，音色柔和，语速较慢，力度较弱，咬字清晰优雅，情绪底色温和神秘，带笑意。
8fa5fdef13234024,？？？,19960,female,young_adult,unknown,,2,ready,,确定人物设定：青年女性角色，声线必须保持这一年龄与性别呈现。性别不明，年龄感不明，音高适中，音色中性略带磁性，语速中等，力度中等，咬字清晰，情绪底色为感慨与哀愁，带有江湖隐士或文人的气质。
24f9c7bf5291e2c6,,19414,unknown,unknown,unknown,沉稳 | 隐忍,1,ready,,一位性别年龄未知的角色，声音低沉，音调中等，语速缓慢，语气深沉冷静，咬字清晰，情绪底色是隐忍与智慧。
5bf031f6ae83445c,,12057,unknown,unknown,unknown,警惕,1,ready,,一位未知性别年龄的角色，声音中等，语速中等，咬字清晰，情绪警惕，带有质问的语气。
cdf07f51692dda61,丝丝,11709,female,young_adult,青木舫弟子,泼辣 | 警觉,1,ready,,确定人物设定：青年女性角色，声线必须保持这一年龄与性别呈现。一位年轻女性，声音清亮，语速较快，语气尖锐带斥责，体现泼辣警觉的弟子形象。
4112b0bb37d4044b,严川,12004,male,middle_aged,unknown,自信,1,ready,,确定人物设定：中年男性角色，声线必须保持这一年龄与性别呈现。一位自信的武者，声音坚实有力，语速中等，咬字清晰，情绪高昂，带有自豪感。
51d0e04ccff90dc0,乌豹,19709,male,adult,苗疆勇士,豪迈 | 好战,1,ready,,确定人物设定：成年男性角色，声线必须保持这一年龄与性别呈现。一位成年男性苗疆勇士，声音洪亮，音调中等，语速适中，语气豪迈，咬字清晰有力，情绪激昂，带有好战和尊敬对手之感。
997fb5bba1a0f76f,乔洪基,19501,male,adult,医者,自信 | 骄傲,1,ready,,确定人物设定：成年男性角色，声线必须保持这一年龄与性别呈现。一位成年男性医者，声音浑厚，音调中等，语速中等，语气自信骄傲，咬字清晰，情绪底色是自恃医术高明的傲气。
32c27f68abb1c359,何玉龙,11203,male,young_adult,天剑宗精英弟子,执着 | 专注,1,ready,,确定人物设定：青年男性角色，声线必须保持这一年龄与性别呈现。一位武林精英弟子，声音清亮坚定，语速较快，充满专注和激昂的情绪，咬字清晰有力。
b879c01684c040bc,余裁缝,10802,female,adult,裁缝,手巧 | 精明,1,ready,,确定人物设定：成年女性角色，声线必须保持这一年龄与性别呈现。一位成年女性裁缝，声音清亮，语速较快，音调偏高，咬字清晰，情绪轻快自信，带有市井气息。
099e5b7c555ddd07,傅令枫,11106,male,middle_aged,资深镖师,果断,1,ready,,确定人物设定：中年男性角色，声线必须保持这一年龄与性别呈现。一位中年男性，声音沉稳，语速中等，咬字清晰，情绪平静，带有镖师的果断。
f43e869fa8da19db,元丰,5028,male,young_adult,武当弟子,忠诚 | 服从,1,ready,,确定人物设定：青年男性角色，声线必须保持这一年龄与性别呈现。一位年轻男性武当弟子，声音沉稳，语速平稳，语气恭敬，咬字清晰，情绪平和，表现出对长老的顺从。
fb84cc3563b28423,元虚,28203,male,young_adult,武当弟子,服从,1,ready,,确定人物设定：青年男性角色，声线必须保持这一年龄与性别呈现。一位性别不明、年龄中等的角色，声音清晰，语速中等，力度适中，咬字清楚，情绪恭敬而沉稳，带有武当弟子的谦逊。
4d4c8de164ec81a8,元贞,19506,female,young_adult,unknown,热情,1,ready,,确定人物设定：青年女性角色，声线必须保持这一年龄与性别呈现。一位声音明亮、语速中等、语气热情的商人，说话简短有力，带有推销意味。
6fc8640cf865ffd9,八姑婆,16101,female,elderly,村民,衰弱 | 淡然,1,ready,,确定人物设定：老年女性角色，声线必须保持这一年龄与性别呈现。一位老年女性村民，声音苍老沙哑，语速缓慢，语气虚弱而淡然，咬字有些含糊，带有疾病缠身的疲惫感。
99393fc2799fa47f,六扇门-燕钊,10042,male,middle_aged,六扇门守卫,严肃 | 尽职,1,ready,,确定人物设定：中年男性角色，声线必须保持这一年龄与性别呈现。一位六扇门守卫，性别不明，年龄感中年，声音中等音高，音色硬朗，语速中等，力度较强，咬字清晰，情绪底色严肃冷漠，带有公门中人的威严感。
ce6970435150b982,六扇门弟子,45284,male,adult,六扇门弟子,自信 | 威严,1,ready,,确定人物设定：成年男性角色，声线必须保持这一年龄与性别呈现。一位成年男性六扇门弟子，声音刚硬，语速中等，力度强，咬字清晰，带着自信和威严的气质，说话时笃定而有执法者的气势。
f9d54673359ff640,六扇门神捕,17400,male,middle_aged,神捕,干练 | 谨慎,1,ready,,确定人物设定：中年男性角色，声线必须保持这一年龄与性别呈现。一位中年男性，声音中等音高，语速较慢，音色沉稳，咬字清晰，情绪严肃，带有官方威严感，符合六扇门神捕的身份。
d1b21fd1eb6a63d5,冯成,16413,male,young_adult,村民,警觉 | 观察,1,ready,,确定人物设定：青年男性角色，声线必须保持这一年龄与性别呈现。一位村民角色，声音普通，语速中等，力度适中，咬字清晰，情绪底色平静而警觉，陈述村中情况，显得观察敏锐。
2ad95b1ccd70868f,冯铁林,28209,male,young_adult,六扇门铁卫,好奇 | 关注八卦,1,ready,,确定人物设定：青年男性角色，声线必须保持这一年龄与性别呈现。一位六扇门铁卫，声音普通而清晰，语速适中，语气平淡，带有闲聊的感觉，武侠世界中的公门身份感。
97df0d183ca0680a,冷月,16016,male,young_adult,unknown,,1,ready,,确定人物设定：青年男性角色，声线必须保持这一年龄与性别呈现。一位身份不明的武侠人物，声音特征未知，但应带有江湖气息，语气平淡，少言寡语。
58c853679ee32f9f,刘大嫂,16411,female,middle_aged,村民,抱怨 | 直率,1,ready,,确定人物设定：中年女性角色，声线必须保持这一年龄与性别呈现。一位中年女性村民，声音普通，语速中等，力度适中，咬字清晰，情绪底色不满而直率，带有抱怨的语调，显得对丈夫的行为不满。
36b40a106caaffcb,刘成风,28263,male,middle_aged,渊国游侠,忧心时局,1,ready,,确定人物设定：中年男性角色，声线必须保持这一年龄与性别呈现。一位性别未知的游侠，年龄感不明确，音高适中，音色普通，语速中等，力度中等，咬字清晰，情绪底色为感慨和忧虑，身份感为江湖游侠。
746502775a299a80,刘猛,11904,male,middle_aged,铁匠,粗犷,1,ready,,确定人物设定：中年男性角色，声线必须保持这一年龄与性别呈现。一位中年男性，声音粗犷，音调偏低，语速适中，语气简短，带力量感，体现铁匠形象。
f9ab03590c6b784f,刘裁缝,19306,male,adult,裁缝,热情 | 服务意识,1,ready,,确定人物设定：成年男性角色，声线必须保持这一年龄与性别呈现。一位成年男性裁缝，声音明亮，音调中等，语速轻快，语气热情友好，咬字清晰，情绪底色是服务行业的热情与周到。
94737ada40ad4709,力巴,10224,male,middle_aged,unknown,,1,ready,,确定人物设定：中年男性角色，声线必须保持这一年龄与性别呈现。一位性别不详的普通百姓，声音中等音高，语速中等，音色普通，咬字清晰，情绪平淡，带有微微的不耐烦，像是等生意等久了。
81fb133e8becf99e,包图,13103,male,middle_aged,unknown,随意,1,ready,,确定人物设定：中年男性角色，声线必须保持这一年龄与性别呈现。一位性别不明的武侠，声音中等音高，语速中等，音色普通，咬字清晰，情绪底色随意。
a1baab0d4225164e,包大夫,28248,male,middle_aged,大夫,谦逊 | 仁心,1,ready,,确定人物设定：中年男性角色，声线必须保持这一年龄与性别呈现。一位大夫，声音温和，语速中等，咬字清晰，语气谦逊，强调自己只是尽力而为，给人仁心仁术、低调的感觉。
81c355348a19a198,包氏,19211,female,elderly,村民,悲伤,1,ready,,确定人物设定：老年女性角色，声线必须保持这一年龄与性别呈现。一位老年女性村民，声音低沉，语速缓慢，音色苍老沙哑，咬字清晰但略带含糊，语气悲伤，带有哭腔。
5d4011cad77b7505,南宫兴,19121,male,adult,士兵,尽责,1,ready,,确定人物设定：成年男性角色，声线必须保持这一年龄与性别呈现。一位成年男性士兵，声音中等音高，语速适中，音色普通略带沙哑，咬字清晰，语气严肃认真，带有军人特有的坚定感。
11ef71725e49d183,南渝村村长,10800,male,elderly,村长,忧心 | 慈祥,1,ready,,确定人物设定：老年男性角色，声线必须保持这一年龄与性别呈现。一位老年男性村长，声音苍老而沙哑，语速缓慢，音调偏低，咬字清晰，情绪忧虑而无奈，带有长者的叹息和慈祥。
48558f57bb9aef5b,卢娇,19876,female,child,unknown,天真 | 好奇,1,ready,,确定人物设定：儿童女性角色，声线必须保持这一年龄与性别呈现。一位年轻女孩，声音清脆，语速中等，带有天真好奇的情绪，咬字清晰，有孩童般的活泼。
2c415b45343fedb8,卯昕,11107,male,young_adult,普通镖师,自豪,1,ready,,确定人物设定：青年男性角色，声线必须保持这一年龄与性别呈现。一位年轻男性，声音年轻有力，语速中等，咬字清晰，情绪自豪，带有年轻人的热情。
20bc46fbd5a48927,厂卫弟子,19974,male,young_adult,厂卫弟子,精英,1,ready,,确定人物设定：青年男性角色，声线必须保持这一年龄与性别呈现。一位厂卫精英弟子，声音特征未知，但应带有江湖气息，语气平淡，少言寡语。
4d31c2165990a8e8,史文龙,17117,male,middle_aged,镖师,豪爽 | 好奇,1,ready,,确定人物设定：中年男性角色，声线必须保持这一年龄与性别呈现。一位中年男性镖师，声音浑厚，音调中等，语速中等，说话爽朗，带有江湖气和好奇。
37f4562ba8e4c7d7,同泰鸿,16040,male,young_adult,士兵,严肃 | 尽职,1,ready,,确定人物设定：青年男性角色，声线必须保持这一年龄与性别呈现。一位成年男性士兵，声音浑厚，语速适中，语气严肃而坚定，咬字清晰，带有军人的威严和不容置疑的态度。
41fd3d9ae952bfdb,吴友来,17118,male,middle_aged,柳山门弟子,见识广 | 客观,1,ready,,确定人物设定：中年男性角色，声线必须保持这一年龄与性别呈现。一位中年男性柳山门弟子，声音普通，音调中等，语速中等，说话平实，带有赞赏和客观。
181c8b15d54b6300,周全,19877,male,adult,unknown,朴实 | 有志向,1,ready,,确定人物设定：成年男性角色，声线必须保持这一年龄与性别呈现。一位成年男性，声音浑厚，语速中等，带有朴实和向往的情绪，咬字清晰，可能带点方言口音。
135a8d8ab55f402c,周捕快,28208,male,young_adult,捕快,尽责 | 略有抱怨,1,ready,,确定人物设定：青年男性角色，声线必须保持这一年龄与性别呈现。一位捕快，声音普通而清晰，语速适中，语气略带无奈，带有公门中人的责任感，武侠世界中的捕快身份感。
41aa6aa5df3e3b56,哑头陀,16023,male,middle_aged,unknown,神秘,1,ready,,确定人物设定：中年男性角色，声线必须保持这一年龄与性别呈现。一位来历成谜的武侠人物，声音特征未知，但应带有江湖气息，语气平淡，少言寡语。
186f70d8c86fdfe1,商人,10225,male,middle_aged,商人,得意,1,ready,,确定人物设定：中年男性角色，声线必须保持这一年龄与性别呈现。一位性别不详的商人，声音中等音高，语速中等，音色普通，咬字清晰，情绪得意，带着赚了钱的满足感。
f3398f56d3dfc7a8,商队首领,19113,male,middle_aged,商队首领,自信,1,ready,,确定人物设定：中年男性角色，声线必须保持这一年龄与性别呈现。一位商队首领，声音沉稳，语速中等，语气自信，透露出见多识广的从容。
ae7e6bf277067885,图兰,19504,female,young_adult,unknown,向往自由,1,ready,,确定人物设定：青年女性角色，声线必须保持这一年龄与性别呈现。一位声音柔和、语速中等、语气向往的年轻人，说话时带着对草原的憧憬，体现天真烂漫。
716ee16486dc2715,天龙帮射手,19009,male,young_adult,射手,勇猛 | 冲动,1,ready,,确定人物设定：青年男性角色，声线必须保持这一年龄与性别呈现。一位性别不明、年龄不详的天龙帮射手，声音明亮，音调较高，语速较快，力度较强，咬字清晰，情绪底色为激昂，体现其勇猛冲动的性格。
b5bea99c41a22685,奇货商,16410,male,young_adult,商人,热情 | 推销,1,ready,,确定人物设定：青年男性角色，声线必须保持这一年龄与性别呈现。一位商人角色，声音明亮，语速较快，力度较强，咬字清晰，情绪底色热情洋溢，带有吆喝招揽的语调，显得积极推销。
8154fbce30631677,姑苏城捕快,17401,male,young_adult,捕快,紧张 | 谨慎,1,ready,,确定人物设定：青年男性角色，声线必须保持这一年龄与性别呈现。一位青年男性，声音中等音高，语速中等，音色略带紧张，咬字清晰，情绪紧张，符合捕快面对大事时的状态。
54cbdae3ec728b61,姜平安,11604,male,middle_aged,郎中,严谨,1,ready,,确定人物设定：中年男性角色，声线必须保持这一年龄与性别呈现。一位中年郎中，声音清晰沉稳，语速中等，咬字准确，带有医者的严谨与平和，性别呈现中性偏男性，年龄感中年。
2cca5a58523f049d,娜乌,19968,female,young_adult,unknown,向往和平,1,ready,,确定人物设定：青年女性角色，声线必须保持这一年龄与性别呈现。性别不明，年龄感不明，音高适中，音色柔和，语速中等，力度低，咬字清晰，情绪底色无奈，带有对和平的向往。
4c0a19c3fc6e56b9,孙婆婆,19115,female,elderly,普通老人,慈祥,1,ready,,确定人物设定：老年女性角色，声线必须保持这一年龄与性别呈现。一位老年女性，声音苍老，语速缓慢，语气慈祥，带着长辈的温和。
934c78febcb8dbfa,宁国士兵,11616,male,young_adult,士兵,严肃 | 尽职,1,ready,,确定人物设定：青年男性角色，声线必须保持这一年龄与性别呈现。一位年轻男性士兵，声音沉稳，语速中等，咬字清晰有力，语气严肃认真，带尽职尽责的使命感。
7119d684aba04afd,安掌柜,16041,male,adult,商人,热情 | 圆滑,1,ready,,确定人物设定：成年男性角色，声线必须保持这一年龄与性别呈现。一位成年男性商人，声音圆润，语速适中，语气热情而圆滑，咬字清晰，带有生意人的精明和和气。
12d679bf467aab9c,客栈老板,16401,male,middle_aged,客栈老板,热情 | 周到,1,ready,,确定人物设定：中年男性角色，声线必须保持这一年龄与性别呈现。一位中年男性客栈老板，声音圆润，语速适中，语气客气周到，带有职业性的热情。
aea3eef68ae4c9d9,将军府守卫,45225,male,middle_aged,守卫,严厉 | 多疑,1,ready,,确定人物设定：中年男性角色，声线必须保持这一年龄与性别呈现。一位成年男性守卫，声音刚硬，语速中等，力度强，咬字清晰，带着严厉和多疑的态度，说话时带有指控性。
82f631178b950fdc,小丫,10357,female,child,小女孩,天真 | 活泼,1,ready,,确定人物设定：儿童女性角色，声线必须保持这一年龄与性别呈现。一位小女孩，声音清脆稚嫩，音调高，语速较快，力度活泼，咬字清晰带童音，情绪天真活泼。
db653dcdfb58ec88,小二,19836,male,young_adult,店小二,热情,1,ready,,确定人物设定：青年男性角色，声线必须保持这一年龄与性别呈现。一位年轻男性店小二，音高较高，音色清亮，语速快，力度高，咬字清晰，情绪底色热情，带有服务行业的殷勤感。
9805464adb2c4da4,小吃商人,19965,male,middle_aged,商人,热情 | 精明,1,ready,,确定人物设定：中年男性角色，声线必须保持这一年龄与性别呈现。性别不明，年龄感偏中年，音高偏高，音色明亮带市井气，语速快，力度高，咬字清晰，情绪底色热情，带有商贩的吆喝感。
3c96ed80753c97b5,小弟,10307,male,young_adult,unknown,无奈 | 抱怨,1,ready,,确定人物设定：青年男性角色，声线必须保持这一年龄与性别呈现。一位年轻男性，声音清亮，语速中等，语气无奈抱怨，整体呈现底层百姓的苦闷形象。
36e28387ecd5db7b,少林弟子,45065,male,young_adult,disciple,礼貌 | 坚定,1,ready,,确定人物设定：青年男性角色，声线必须保持这一年龄与性别呈现。一位年轻男性少林弟子，声音清朗，语速适中，咬字清晰，语气平和但坚定，带有佛门弟子的庄重感。
da0955c55c036762,少林弟子,45283,male,young_adult,少林弟子,慈悲 | 坚定,1,ready,,确定人物设定：青年男性角色，声线必须保持这一年龄与性别呈现。一位年轻男性少林弟子，声音清朗，语速中等，力度中等，咬字清晰柔和，带着慈悲和坚定的态度，说话时恳切劝诫。
5dd8ae22b96e4bc7,少林铜人,5516,male,ageless,少林寺十八铜人,无情感,1,ready,,确定人物设定：超越常人年龄感的男性角色，声线必须保持这一年龄与性别呈现。一个非人存在，声音低沉机械，带有金属质感，语速缓慢，语气无情感，仅以阿弥陀佛回应，体现铜人的非人属性。
9b3e9d138553aa80,少林铜人,45288,male,young_adult,少林铜人,严肃 | 守规,1,ready,,确定人物设定：青年男性角色，声线必须保持这一年龄与性别呈现。一位少林铜人，性别不明，年龄感模糊。声音中等音高，语速缓慢，能量中等，带有严肃而平和的情绪。音色沉稳而略带金属感，咬字清晰稳重，透露出少林弟子的庄重。
49aad0ee959ac8ef,尤镖头,17033,male,middle_aged,镖头,干练 | 直接,1,ready,,确定人物设定：中年男性角色，声线必须保持这一年龄与性别呈现。一位中年男性镖头，声音浑厚，语速较快，语调干脆，咬字清晰有力，带有职业性的干练与直接。
8ca20fff977c4926,峋谷关守军,19120,male,middle_aged,守军,服从,1,ready,,确定人物设定：中年男性角色，声线必须保持这一年龄与性别呈现。一位成年男性守军，声音中等音高，语速适中，语气严肃而服从，咬字清晰，带有军人的纪律感。
d26693eb81e9accf,布农,19879,male,elderly,unknown,年老 | 感慨,1,ready,,确定人物设定：老年男性角色，声线必须保持这一年龄与性别呈现。一位老年男性，声音苍老沙哑，语速缓慢，带有感慨和无奈的情绪，咬字清晰。
055212a89c710440,常金,28211,male,young_adult,六扇门铁卫,尽责 | 自信,1,ready,,确定人物设定：青年男性角色，声线必须保持这一年龄与性别呈现。一位六扇门铁卫，声音沉稳而清晰，语速适中，语气自信，带有公门中人的威严，武侠世界中的护卫身份感。
18b3286d8bb4f8d7,平阳堡弟子,16302,male,young_adult,平阳堡弟子,自豪,1,ready,,确定人物设定：青年男性角色，声线必须保持这一年龄与性别呈现。一位年轻男性平阳堡弟子，声音年轻清亮，语速适中，语气略带骄傲，带有对门派的自豪感。
5830cc5c6b4dfd4c,庞渔,11305,male,young_adult,村民,朴实 | 健谈,1,ready,,确定人物设定：青年男性角色，声线必须保持这一年龄与性别呈现。一位村民，声音朴实，语速中等，语气自然，咬字清晰。
8dc9f1410292a4c4,康掌柜,13208,male,middle_aged,unknown,,1,ready,,确定人物设定：中年男性角色，声线必须保持这一年龄与性别呈现。一位性别不明、年龄不详的客栈掌柜，声音自然清晰，语速适中，语气友善，带着招呼客人的热情，但不过分张扬。
d152c97d39cf1852,张伯,10004,male,elderly,村民,朴实 | 感慨,1,ready,,确定人物设定：老年男性角色，声线必须保持这一年龄与性别呈现。一位老年男性村民，声音沙哑苍老，语速缓慢，说话带点对世事的感慨和无奈，朴实无华。
64663a0e3a295b06,张员外,28220,male,middle_aged,员外,自负 | 爱面子,1,ready,,确定人物设定：中年男性角色，声线必须保持这一年龄与性别呈现。一位中年男性，声音洪亮，音调中等，语速较快，咬字清晰有力，情绪底色得意而略带不满，透出自负与爱面子的性格。
0dba2815c74dc4d2,张渔夫,10703,male,elderly,渔夫,悠闲 | 自得,1,ready,,确定人物设定：老年男性角色，声线必须保持这一年龄与性别呈现。一位成年男性渔夫，声音略带慵懒，语速缓慢，音调中等，咬字清晰，情绪轻松惬意，带有悠闲自得的感觉。
742cf113aaa17456,张焰,13100,male,middle_aged,霹雳门弟子,不耐烦,1,ready,,确定人物设定：中年男性角色，声线必须保持这一年龄与性别呈现。一位性别不明的霹雳门弟子，声音中等音高，语速中等，音色普通，咬字清晰，情绪底色烦躁。
2faff88ee04625f2,张生,10228,male,young_adult,书生,多愁善感,1,ready,,确定人物设定：青年男性角色，声线必须保持这一年龄与性别呈现。一位年轻男性书生，声音中等音高，语速较慢，音色清雅，咬字清晰，情绪忧郁，带着文人的多愁善感。
fbf9f4e09a6b881a,张龙,28225,male,young_adult,镖师,有抱负 | 直率,1,ready,,确定人物设定：青年男性角色，声线必须保持这一年龄与性别呈现。一位年轻男性镖师，声音清亮，音调中等，语速中等，咬字清晰，情绪底色积极而略带不满，透出有抱负与直率的性格。
3bb2cbbd82fcaa42,怪医-周雄,13206,male,middle_aged,景隆城大夫,古怪 | 深谙医理,1,ready,,确定人物设定：中年男性角色，声线必须保持这一年龄与性别呈现。一位古怪大夫，性别不明，年龄感中年偏老，声音低沉沙哑，语速缓慢，咬字清晰，情绪底色冷静神秘，有医者的深邃。
4237a32f23a1b179,恶人谷弟子,16206,male,young_adult,恶人谷弟子,凶悍 | 暴躁,1,ready,,确定人物设定：青年男性角色，声线必须保持这一年龄与性别呈现。一位成年男性恶人谷弟子，声音粗犷，音调较低，语速较快，语气凶狠而暴躁，咬字粗重，带有威胁和蛮横的感觉。
7e03dbbbab0fcc02,惊雷使,19970,male,middle_aged,惊雷使,病弱,1,ready,,确定人物设定：中年男性角色，声线必须保持这一年龄与性别呈现。性别不明，年龄感不明，音高偏低，音色沙哑，语速缓慢，力度低，咬字含糊，情绪底色虚弱，带有病态感。
6afe1ad51c680cda,慧净,28216,male,young_adult,少林弟子,刚烈 | 有原则,1,ready,,确定人物设定：青年男性角色，声线必须保持这一年龄与性别呈现。一位少林寺年轻弟子，声音清朗有力，语速中等偏快，咬字果断，情绪底色严肃而激昂，带有武僧的刚毅与佛门弟子的威严感。
bf2274c8f0c8d377,成周,11304,male,young_adult,村民,满足 | 朴实,1,ready,,确定人物设定：青年男性角色，声线必须保持这一年龄与性别呈现。一位村民，声音朴实，语速中等，语气平淡而满足，咬字清晰。
45f28adbdf4931f5,扫地和尚,5506,male,elderly,少林寺扫地僧,神秘 | 淡泊,1,ready,,确定人物设定：老年男性角色，声线必须保持这一年龄与性别呈现。一位老年男性扫地僧，声音低沉沙哑，语速缓慢，语气平静无波，仅以阿弥陀佛回应，体现其超然物外的神秘感。
d573589616660d5d,拓跋寒,19507,male,young_adult,武馆学徒,好学 | 有天赋,1,ready,,确定人物设定：青年男性角色，声线必须保持这一年龄与性别呈现。一位年轻武馆学徒，声音清亮，语速中等，语气认真，带有对武学的求知欲。
cad06134276add87,收购商,19603,male,middle_aged,商人,精明 | 计较,1,ready,,确定人物设定：中年男性角色，声线必须保持这一年龄与性别呈现。一位商人，声音略带尖利，语速较快，能量较高，咬字清晰，情绪中带有计较和不满，显得精明世故。
43aa9f72ec783994,施施,11702,female,young_adult,歌女,忧郁,1,ready,,确定人物设定：青年女性角色，声线必须保持这一年龄与性别呈现。一位年轻女性歌女，声音柔美，语速缓慢，咬字清晰，带有忧郁感，性别呈现女性，年龄感青年。
00987711a4d7ecd8,昌元华,12701,male,middle_aged,unknown,有闯劲,1,ready,,确定人物设定：中年男性角色，声线必须保持这一年龄与性别呈现。一位性别不明的年轻或中年武侠，声音中等音高，语速中等，音色普通，咬字清晰，情绪带有期待和闯荡的豪气。
1e4b55590e471de3,昌杰玛,13201,male,middle_aged,unknown,直率,1,ready,,确定人物设定：中年男性角色，声线必须保持这一年龄与性别呈现。一位普通江湖人，性别不明，年龄感中等，声音自然，语速中等，咬字清晰，情绪底色略带轻蔑，有直率感。
8d0835d6f2792771,昌珈阿,28238,male,young_adult,五仙教弟子,崇拜,1,ready,,确定人物设定：青年男性角色，声线必须保持这一年龄与性别呈现。一位五仙教弟子，声音中性，语速中等，语气中带着崇拜和自豪，透露出对教主的仰慕。
d21d0ec9c3ec02de,机关木人,17200,nonhuman,ageless,机关木人,,1,ready,,确定人物设定：超越常人年龄感的角色，声线必须保持这一年龄与性别呈现。一个机关木人，非人类，声音应带有机械感，无情感波动，语速平缓，音色可能空洞或带有木质回响。
1efb3cedd8a1cda6,李二成,28250,male,young_adult,平阳堡弟子,关注时事 | 八卦,1,ready,,确定人物设定：青年男性角色，声线必须保持这一年龄与性别呈现。一位平阳堡弟子，声音普通，语速中等，咬字清晰，语气中带着对门派与朝廷关系的关注和八卦，给人年轻、好奇的感觉。
e397ee6dfbf3b0e7,李员外,28206,male,middle_aged,员外,谨慎 | 低调,1,ready,,确定人物设定：中年男性角色，声线必须保持这一年龄与性别呈现。一位员外，声音低沉而沉稳，语速较慢，语气谨慎，带有世故圆滑的感觉，咬字清晰，武侠世界中的富商身份感。
0cb9a7617e5724fc,李大夫,28262,male,elderly,大夫,博学,1,ready,,确定人物设定：老年男性角色，声线必须保持这一年龄与性别呈现。一位性别未知的大夫，年龄感不明确，音高适中，音色普通，语速中等，力度中等，咬字清晰，情绪底色为平和和专业，身份感为医者。
94a0073afc00af02,李氏,6007,female,middle_aged,平民,老实 | 本分 | 爱闲聊,1,ready,,确定人物设定：中年女性角色，声线必须保持这一年龄与性别呈现。一位中年女性平民，声音温和而略带沧桑，语速适中，语气朴实，带有家常感，情感底色是平和而略带感慨，体现其老实本分的性格。
e92289e33bd15595,李猴子,10805,male,child,村民,聪明伶俐,1,ready,,确定人物设定：儿童男性角色，声线必须保持这一年龄与性别呈现。一位小男孩，声音清脆稚嫩，语速中等，咬字清晰，情绪天真活泼，带有孩童的单纯。
988b2b8b55367ed8,李生,19890,male,young_adult,书生,文雅 | 观察力强,1,ready,,确定人物设定：青年男性角色，声线必须保持这一年龄与性别呈现。一位年轻男性书生，声音清朗，语速中等，措辞文雅，情绪平静好奇。
09f93fa4266cb139,李笏,10278,female,middle_aged,unknown,,1,ready,,确定人物设定：中年女性角色，声线必须保持这一年龄与性别呈现。一位身份不明的武侠人物，声音特征未知，但应带有江湖气息，语气平淡，少言寡语。
4be2ad9764c93494,村民,17501,male,middle_aged,村民,狂热,1,ready,,确定人物设定：中年男性角色，声线必须保持这一年龄与性别呈现。一位村民，声音中等音高，语速缓慢，语气虔诚而恍惚，咬字含糊，带有宗教狂热者的迷醉感。
87345cbb2f385896,村民,17500,male,middle_aged,村民,狂热,1,ready,,确定人物设定：中年男性角色，声线必须保持这一年龄与性别呈现。一位村民，声音中等音高，语速缓慢，语气虔诚而恍惚，咬字含糊，带有宗教狂热者的迷醉感。
c8c5476998d4a1fb,村民,10222,male,middle_aged,村民,,1,ready,,确定人物设定：中年男性角色，声线必须保持这一年龄与性别呈现。一位普通村民，声音普通，语速中等，语气平淡，说话简短日常。
f0837f4d444f6a0b,村民,10223,male,young_adult,村民,,1,ready,,确定人物设定：青年男性角色，声线必须保持这一年龄与性别呈现。一位普通村民，声音普通，语速中等，语气平淡中带着一丝思念，说话简短。
ff1a0f69eb1cfae2,村民,17502,male,middle_aged,村民,恐惧,1,ready,,确定人物设定：中年男性角色，声线必须保持这一年龄与性别呈现。一位村民，声音中等音高，语速缓慢，语气恐惧而颤抖，咬字含糊，带有极度不安的感觉。
d9e4e722945df10f,杨永明,28239,male,young_adult,天剑宗弟子,专注 | 诚于剑,1,ready,,确定人物设定：青年男性角色，声线必须保持这一年龄与性别呈现。一位成年男性天剑宗弟子，声音清朗，语速中等，语气坚定而专注，透露出对剑道的执着和诚心。
398c86fb4bd36292,桑杰,28235,male,young_adult,五仙教弟子,忠诚,1,ready,,确定人物设定：青年男性角色，声线必须保持这一年龄与性别呈现。一位五仙教弟子，声音中性，语速中等，语气恭敬而期待，透露出对教派的忠诚和对圣女的期待。
8a6d63775c093400,桑罗,13203,female,young_adult,unknown,神秘,1,ready,,确定人物设定：青年女性角色，声线必须保持这一年龄与性别呈现。一位苗族女子，性别不明，年龄感中等，声音低沉，语速缓慢，咬字清晰，情绪底色神秘淡然，有深藏不露的感觉。
5ca8f701de71f025,楚氏,10355,female,middle_aged,村妇,怀旧 | 自怜,1,ready,,确定人物设定：中年女性角色，声线必须保持这一年龄与性别呈现。一位中年女性村妇，声音温厚带沧桑，音调中等，语速较慢，力度轻柔，咬字清晰带乡音，情绪感慨自怜。
ca9df419a77814af,欧阳小武,6009,male,child,平民,天真 | 好奇,1,ready,,确定人物设定：儿童男性角色，声线必须保持这一年龄与性别呈现。一位小男孩，声音清脆稚嫩，语速较快，语气活泼，带有童真，情感底色是兴奋而好奇，体现其天真好奇的性格。
58eca78d63c86350,欧阳正,6003,male,young_adult,名剑山庄旁支,专注 | 好武,1,ready,,确定人物设定：青年男性角色，声线必须保持这一年龄与性别呈现。一位年轻男性武林旁支子弟，声音明亮有力，语速较快，语气豪迈，带有自信，情感底色是激昂而自信，体现其一心钻研剑法的专注与豪情。
5a35dde3f800a7a9,欧阳雄,6004,male,young_adult,名剑山庄旁支,尊敬 | 专注,1,ready,,确定人物设定：青年男性角色，声线必须保持这一年龄与性别呈现。一位年轻男性武林旁支子弟，声音沉稳而略带年轻感，语速适中，语气认真，带有敬意，情感底色是认真而崇敬，体现其对堂兄的尊敬与对铸剑之术的专注。
c3fb07066aa51bba,毛人,45290,nonhuman,ageless,毛人,原始 | 安静,1,ready,,确定人物设定：超越常人年龄感的角色，声线必须保持这一年龄与性别呈现。一位毛人，非人类，性别不明，年龄感模糊。声音尖锐而微弱，语速缓慢，能量较低，带有平静而略带哀伤的情绪。发音为吱吱叫声，无清晰语言。
02c86bda33e96e88,毛人投矛手,45291,nonhuman,ageless,毛人投矛手,原始 | 警觉,1,ready,,确定人物设定：超越常人年龄感的角色，声线必须保持这一年龄与性别呈现。一位毛人投矛手，非人类，性别不明，年龄感模糊。声音尖锐而急促，语速较快，能量较高，带有警觉和激动的情绪。发音为吱吱叫声，无清晰语言。
47bff09d8b6bde67,江湖高手,45798,male,young_adult,江湖人士,果断,1,ready,,确定人物设定：青年男性角色，声线必须保持这一年龄与性别呈现。一位身份不明的江湖高手，性别年龄未知。声音中性，语速中等，语气简短有力，情绪底色坚定，带有江湖人的果敢。
676c29b9d8339d78,沈乾,28252,male,young_adult,恶人谷弟子,崇拜无名,1,ready,,确定人物设定：青年男性角色，声线必须保持这一年龄与性别呈现。一位年轻男性或女性，声音中性，年龄感不明确，音高适中，音色普通，语速中等，力度中等，咬字清晰，情绪底色带有对老大的好奇和关切，身份感为江湖小弟子。
966b331c20be628a,洛杰,28236,male,young_adult,五仙教弟子,好奇,1,ready,,确定人物设定：青年男性角色，声线必须保持这一年龄与性别呈现。一位五仙教弟子，声音中性，语速中等，语气中带着好奇和轻松，透露出对圣地宝物的兴趣。
570f1b40fbf35735,海盗水手,45243,male,adult,海盗水手,圆滑 | 谨慎,1,ready,,确定人物设定：成年男性角色，声线必须保持这一年龄与性别呈现。一位海盗水手，性别不明，年龄感模糊。声音中等音高，语速适中，能量中等，带有讨好和谨慎的情绪。音色油滑而略带谄媚，咬字清晰流畅，善于言辞。
fb04c3b9af3beb3b,渊国士兵,19818,male,middle_aged,soldier,警觉 | 忠诚,1,ready,,确定人物设定：中年男性角色，声线必须保持这一年龄与性别呈现。一位渊国士兵，性别不明，年龄感中年，音高中等，音色略带沙哑和粗犷，语速较快，力度较强，咬字清晰有力，情绪底色紧张急切，带有军人特有的警觉和忠诚感。
dcf4d1207de6130b,漆齐,10265,male,young_adult,平民,敏感,1,ready,,确定人物设定：青年男性角色，声线必须保持这一年龄与性别呈现。一位平民，声音低音，音色低沉，语速慢，能量低，语气不安，咬字清晰，带有神秘感。
db97147dfe5b2667,灰鹰,28254,male,elderly,冷血十三鹰之一,瞧不起苍鹰,1,ready,,确定人物设定：老年男性角色，声线必须保持这一年龄与性别呈现。一位性别未知的江湖人士，年龄感不明确，音高适中，音色普通，语速中等，力度中等，咬字清晰，情绪底色为轻蔑和不屑，身份感为冷血十三鹰之一。
a1429f386fc9f861,狄安,11617,male,young_adult,守卫,严肃,1,ready,,确定人物设定：青年男性角色，声线必须保持这一年龄与性别呈现。一位年轻男性守卫，声音洪亮，语速较快，咬字清晰，带有严肃感，性别呈现男性，年龄感青年。
9b7e7c9fdcb5e00b,独孤阳,28266,male,young_adult,玄火教弟子,忠诚,1,ready,,确定人物设定：青年男性角色，声线必须保持这一年龄与性别呈现。一位玄火教弟子，性别未知，声音沉稳，语速中等，咬字清晰，情绪崇敬，表达对教主的敬仰，带有武侠门派弟子的忠诚感。
e5b9f7538cc9f09a,猿猴,45014,nonhuman,ageless,nonhuman,,1,ready,,确定人物设定：超越常人年龄感的角色，声线必须保持这一年龄与性别呈现。非人类生物，猿猴，发出短促的吱吱声，声音尖锐而活泼，无语言内容。
159bb55a283f76e6,玄女,17110,female,young_adult,玄火教玄阳护法,乖张 | 冷酷,1,ready,,确定人物设定：青年女性角色，声线必须保持这一年龄与性别呈现。一位年轻女性武林护法，声音清冷，音调中等，语速缓慢，说话简短，带有冷漠和犹豫的情绪。
4c6e29c82b2815de,王三炮,28249,male,young_adult,平阳堡弟子,八卦 | 关心门派,1,ready,,确定人物设定：青年男性角色，声线必须保持这一年龄与性别呈现。一位平阳堡弟子，声音普通，语速中等，咬字清晰，语气中带着对门派内部事务的好奇和八卦，给人年轻、随意的感觉。
29c9a46dccd60f97,王二姐,11607,female,young_adult,布商,热情,1,ready,,确定人物设定：青年女性角色，声线必须保持这一年龄与性别呈现。一位年轻女性布商，声音明亮，语速较快，咬字清晰，带有热情感，性别呈现女性，年龄感青年。
76dc76791573682a,王六子,10262,male,adult,平民,朴实,1,ready,,确定人物设定：成年男性角色，声线必须保持这一年龄与性别呈现。一位成年男性平民，声音中等音高，音色普通，语速中等，能量低，语气平淡，咬字清晰，带有日常闲聊的感觉。
38f92b80e678e8c9,王成,19305,male,middle_aged,铁匠,专业 | 简洁,1,ready,,确定人物设定：中年男性角色，声线必须保持这一年龄与性别呈现。一位成年男性铁匠，声音浑厚，音调中等，语速平稳，语气直接专业，咬字清晰有力，情绪底色是平静的专注，带有工匠的沉稳。
4766bf784c5b3312,王敏如,12005,female,young_adult,unknown,友善 | 礼貌,1,ready,,确定人物设定：青年女性角色，声线必须保持这一年龄与性别呈现。一位年轻女性，声音柔和，语速中等，咬字清晰，情绪友善，带有礼貌的询问语气。
ca5d3b1acd1d57de,知州府守卫,16035,male,young_adult,守卫,严肃 | 公事公办,1,ready,,确定人物设定：青年男性角色，声线必须保持这一年龄与性别呈现。一位成年男性，声音低沉，音调较低，语速较慢，说话生硬简短，带着命令式的口吻，咬字清晰有力，有守卫的严肃和冷漠。
fbafea6466810f22,秃鹫,19404,male,adult,山贼,凶悍 | 粗鲁,1,ready,,确定人物设定：成年男性角色，声线必须保持这一年龄与性别呈现。一位成年男性山贼，声音粗犷沙哑，音调低，语速中等，语气粗野，咬字粗放，情绪凶狠自大，带有草莽气息。
93c9e13ef69c0643,程掌柜,11603,male,middle_aged,当铺掌柜,精明 | 专业 | 沉稳,1,ready,,确定人物设定：中年男性角色，声线必须保持这一年龄与性别呈现。一位中年男性当铺掌柜，声音中等音高，语速中等，音色圆润带点商人气，咬字清晰流畅，情绪客气专业，透出精明沉稳。
9ec35200dfb36c03,章元蕊,28218,female,young_adult,青木舫弟子,多愁善感 | 内敛,1,ready,,确定人物设定：青年女性角色，声线必须保持这一年龄与性别呈现。一位年轻女子，声音柔美细腻，音调中等偏高，语速缓慢，咬字清晰柔和，情绪底色忧郁而含蓄，透出多愁善感的性格。
470a3e2799fb9382,童彪,28223,male,middle_aged,镖师,老练 | 务实,1,ready,,确定人物设定：中年男性角色，声线必须保持这一年龄与性别呈现。一位中年男性镖师，声音浑厚，音调较低，语速中等，咬字清晰，情绪底色平静而略带疲惫，透出老练与务实的气质。
7c18d0c13dfc2ca3,羊,19210,nonhuman,unknown,动物,,1,ready,,一只羊，发出典型的羊叫声，声音中等音高，语速缓慢，音色为羊叫，无咬字，情绪平静。
013b71e679513a3e,老余,11606,male,elderly,铁匠,朴实,1,ready,,确定人物设定：老年男性角色，声线必须保持这一年龄与性别呈现。一位老年男性铁匠，声音低沉沙哑，语速缓慢，咬字清晰，带有朴实感，性别呈现男性，年龄感老年。
0a1fda9c8149661e,老船夫,13104,male,elderly,船夫,爽朗,1,ready,,确定人物设定：老年男性角色，声线必须保持这一年龄与性别呈现。一位老年男性船夫，声音低沉，语速中等，音色苍老，咬字清晰，情绪底色爽朗。
306541c35d9c26ba,老陈,10403,male,middle_aged,村民,忧虑 | 朴实,1,ready,,确定人物设定：中年男性角色，声线必须保持这一年龄与性别呈现。一位中年男性村民，声音低沉带沧桑，音调较低，语速较慢，力度轻柔，咬字清晰带乡音，情绪忧虑无奈。
d868dcb3e8a431be,耶律胡生,28265,male,middle_aged,玄火教弟子,虔诚,1,ready,,确定人物设定：中年男性角色，声线必须保持这一年龄与性别呈现。一位年轻或中年的玄火教弟子，性别未知，声音明亮有力，语速中等偏快，咬字清晰，情绪激昂，充满对圣火的虔诚与狂热，带有武侠门派弟子的坚定感。
e50335ca017f6834,耶律行,19503,male,middle_aged,unknown,热情,1,ready,,确定人物设定：中年男性角色，声线必须保持这一年龄与性别呈现。一位声音明亮、语速中等、语气热情的江湖人士，说话时带有推销般的热情，体现对本地物品的自豪。
cfac70a4cc83f105,胡七哥,11903,male,middle_aged,小贩,市侩,1,ready,,确定人物设定：中年男性角色，声线必须保持这一年龄与性别呈现。一位中年男性，声音普通，语速适中，语气平淡，带叫卖腔，体现市侩小贩形象。
10f17a758eb65f9b,臧志龙,28264,male,middle_aged,前渊国士兵,向往中原,1,ready,,确定人物设定：中年男性角色，声线必须保持这一年龄与性别呈现。一位性别未知的前士兵，年龄感不明确，音高适中，音色普通，语速中等，力度中等，咬字清晰，情绪底色为向往和感慨，身份感为逃离军队的游侠。
e221dd336051dae1,芸波桑,12802,female,young_adult,unknown,平静,1,ready,,确定人物设定：青年女性角色，声线必须保持这一年龄与性别呈现。一位性别不明的武侠，声音中等音高，语速中等，音色普通，咬字清晰，情绪底色平静。
6987d584035dc290,苍岚村村长,16400,male,elderly,村长,幽默 | 乐观,1,ready,,确定人物设定：老年男性角色，声线必须保持这一年龄与性别呈现。一位老年男性村长，声音苍老，语速较慢，语气诙谐幽默，带有乐观自嘲的特点。
bf9ba1b32dc76c0b,苗疆百姓,19768,male,middle_aged,苗疆百姓,愤怒 | 冲动,1,ready,,确定人物设定：中年男性角色，声线必须保持这一年龄与性别呈现。一位苗疆普通百姓，性别不明，年龄感中年，声音中等音高，语速较快，力度强，咬字清晰，情绪底色是愤怒与煽动，号召众人采取行动。
c9a32f1114dcfd2a,苦即健,12101,male,adult,郎中,沉稳 | 有哲理,1,ready,,确定人物设定：成年男性角色，声线必须保持这一年龄与性别呈现。一位成年男性郎中，声音沉稳，语速缓慢，能量低，咬字清晰，情绪沉稳，带有哲理感。
e7674bb300ea84bb,苦大夫,28231,male,elderly,大夫,豁达,1,ready,,确定人物设定：老年男性角色，声线必须保持这一年龄与性别呈现。一位大夫，声音中性，语速中等，语气平和而豁达，透露出对南疆环境的接受和乐观。
fabe155f6bcbed10,茶摊老板,17036,male,middle_aged,老板,沉稳 | 朴实,1,ready,,确定人物设定：中年男性角色，声线必须保持这一年龄与性别呈现。一位中年男性茶摊老板，声音厚实，语速适中，语调平实，咬字清晰，带有朴实沉稳的感觉。
398c4055224a583b,荀或,16407,male,young_adult,书生,上进 | 尊师,1,ready,,确定人物设定：青年男性角色，声线必须保持这一年龄与性别呈现。一位书生角色，声音清朗，语速中等，力度适中，咬字清晰，情绪底色认真而期待，透露出对未来的憧憬和对老师的尊敬。
a81fc2dc191543ac,莫燕飞,28221,male,young_adult,江湖高手,侠义 | 感慨,1,ready,,确定人物设定：青年男性角色，声线必须保持这一年龄与性别呈现。一位年轻高手，声音清朗，音调中等，语速中等，咬字清晰，情绪底色感慨而冷静，透出侠义与沧桑感。
cd7f5c2e1302b38b,莲莲,11705,female,young_adult,青木舫弟子,温婉 | 清雅,1,ready,,确定人物设定：青年女性角色，声线必须保持这一年龄与性别呈现。一位年轻女性，声音清雅柔和，语速偏慢，语气温和但带疏离感，体现温婉清雅的弟子气质。
7c00cf29680d04aa,萧掌柜,19500,male,adult,掌柜,热情 | 精明,1,ready,,确定人物设定：成年男性角色，声线必须保持这一年龄与性别呈现。一位成年男性掌柜，声音明亮，音调中等，语速中等，语气热情友好，咬字清晰，情绪底色是商业的圆滑与热情。
2978e20594f303f6,董老倌,28229,male,elderly,老学究,博学 | 体弱,1,ready,,确定人物设定：老年男性角色，声线必须保持这一年龄与性别呈现。一位老年男性老学究，声音苍老虚弱，语速缓慢，语气中带着咳嗽和命不久矣的悲观感。
da4ae5635c12903d,蒋光之,28233,male,young_adult,才子,博学 | 执着,1,ready,,确定人物设定：青年男性角色，声线必须保持这一年龄与性别呈现。一位成年男性才子，声音清朗，语速中等，语气文雅而专注，透露出对古籍的执着和书卷气。
b93b82e7288827ea,蒙沟昌,12803,male,young_adult,unknown,谨慎,1,ready,,确定人物设定：青年男性角色，声线必须保持这一年龄与性别呈现。一位性别不明的武侠，声音中等音高，语速中等，音色普通，咬字清晰，情绪底色谨慎。
319cdf1272421aca,行脚菜贩,29176,male,young_adult,菜贩,热情,1,ready,,确定人物设定：青年男性角色，声线必须保持这一年龄与性别呈现。一位行脚菜贩，性别未知，声音明亮，语速较快，咬字清晰，情绪热情，带有市井叫卖的吆喝感，充满活力。
bfbfb6383ae35925,许三娘,10255,female,elderly,老妇人,贪财,1,ready,,确定人物设定：老年女性角色，声线必须保持这一年龄与性别呈现。一位老年女性，声音苍老，语速缓慢，语气平淡，简短，情绪平淡，整体给人贪财的感觉。
2c8630a706d13cc7,许亿,19508,male,middle_aged,unknown,好奇,1,ready,,确定人物设定：中年男性角色，声线必须保持这一年龄与性别呈现。一位声音普通、语速中等、语气好奇的江湖人士，说话时带着神秘感，像在分享小道消息。
09381925a46b1e5f,谢学士,28222,male,middle_aged,学士/书生,儒雅 | 博学 | 淡泊,1,ready,,确定人物设定：中年男性角色，声线必须保持这一年龄与性别呈现。一位中年男性书生，声音温润，音调中等，语速缓慢，咬字清晰优雅，情绪底色平和从容，透出儒雅与博学的气质。
58ec7740e1b46a11,谷神医,16404,male,middle_aged,神医,谦逊,1,ready,,确定人物设定：中年男性角色，声线必须保持这一年龄与性别呈现。一位自称神医的角色，声音中带有一丝咳嗽，显得体弱但精神矍铄。性别不明，年龄感偏大，音色略带沙哑，语速中等，力度轻柔，咬字清晰，情绪底色谦逊平和，有医者的沉稳与慈祥。
37da8cec48df1e76,贺老六,19505,male,middle_aged,铁匠,务实,1,ready,,确定人物设定：中年男性角色，声线必须保持这一年龄与性别呈现。一位铁匠，声音粗犷，语速中等，语气平静而务实，说话简短直接，体现职业习惯。
c8dfd533d14a59a5,赖鼋儿,28251,male,middle_aged,恶人谷成员,自负 | 不甘,1,ready,,确定人物设定：中年男性角色，声线必须保持这一年龄与性别呈现。一位恶人谷成员，声音粗犷，语速中等，咬字清晰，语气中带着自负和不甘，给人桀骜不驯的感觉。
3ac1ede629cabeb4,赤蝎,19719,nonhuman,unknown,nonhuman,躁动,1,ready,,非人生物，尖锐沙哑的虫类嘶鸣，带有不安的摩擦声，语速中等，能量中等，无清晰语言，仅表达躁动和警戒。
8db3223aa99d95dc,赵大娘,16406,female,elderly,村民,精神矍铄 | 观察敏锐,1,ready,,确定人物设定：老年女性角色，声线必须保持这一年龄与性别呈现。一位老年女性村民，声音苍老但精神矍铄，语速缓慢，音调偏低，音色略带沙哑但有力，咬字清晰，情绪底色平和而警觉，透露出对村中事物的关注。
72897a337a139e84,赵承望,10114,male,child,村民孩子,胆小 | 爱哭,1,ready,,确定人物设定：儿童男性角色，声线必须保持这一年龄与性别呈现。一位小男孩，声音清脆但带哭腔，语速缓慢，语气悲伤害怕，透出孩童的脆弱。
1724c0a6be7c0e31,赵氏,10405,female,middle_aged,村民,牵挂家人,1,ready,,确定人物设定：中年女性角色，声线必须保持这一年龄与性别呈现。一位成年女性村民，声音柔和，语速中等，音色偏柔，咬字清晰，情绪带着对家人的牵挂和忧虑。
bece66080b0eb63f,赵氏,16412,female,young_adult,村民,期盼 | 坚韧,1,ready,,确定人物设定：青年女性角色，声线必须保持这一年龄与性别呈现。一位女性村民，声音柔和，语速中等，力度适中，咬字清晰，情绪底色平和而期盼，透露出对未来的希望和坚韧。
0309f4500411610b,赵生,17043,male,young_adult,书生,痴情 | 浪漫,1,ready,,确定人物设定：青年男性角色，声线必须保持这一年龄与性别呈现。一位年轻男性书生，声音清朗，语速适中，咬字清晰，语气中带着对美好事物的向往和痴情，有书卷气。
2f221ecfb231d083,路人,19903,male,young_adult,unknown,,1,ready,,确定人物设定：青年男性角色，声线必须保持这一年龄与性别呈现。性别不明，声音普通，语速中等，语气好奇，只说一句简短的疑问句。
369418a25240473c,邪教徒,10261,male,young_adult,邪教徒,狂热,1,ready,,确定人物设定：青年男性角色，声线必须保持这一年龄与性别呈现。一位邪教徒，声音中等音高，音色沙哑，语速中等，能量高，语气狂热，咬字有力，带有宗教般的激情。
f1864be35cf898a2,郑二牛,16405,male,middle_aged,村民,焦急 | 担忧,1,ready,,确定人物设定：中年男性角色，声线必须保持这一年龄与性别呈现。一位在寻找某人的角色，声音中充满焦急和担忧。性别不明，年龄感中等，音色普通，语速较快，力度较强，咬字清晰，情绪底色是急切和不安，带有呼喊的语调。
a3e1772fa65475dc,郑百翔,28212,male,young_adult,六扇门捕头,有谋略 | 尽责,1,ready,,确定人物设定：青年男性角色，声线必须保持这一年龄与性别呈现。一位六扇门捕头，声音低沉而严肃，语速较慢，语气沉稳，带有官威与谋略，武侠世界中的捕头身份感。
cfa80019d779666d,郭永昌,28240,male,middle_aged,天剑宗弟子,对剑法有追求 | 怀旧,1,ready,,确定人物设定：中年男性角色，声线必须保持这一年龄与性别呈现。一位年轻或中年的武林弟子，声音清朗，语速适中，咬字清晰，情绪中带着对祖师剑法失传的惋惜与向往，整体给人正直、专注的感觉。
12e48a02000b6200,酒商,19883,male,young_adult,merchant,热情 | 推销,1,ready,,确定人物设定：青年男性角色，声线必须保持这一年龄与性别呈现。一位成年男性商人，声音洪亮，语速中等，带有热情和推销的情绪，咬字清晰。
c1270ff2229d7c73,酒贩,17044,male,middle_aged,酒贩,热情 | 健谈,1,ready,,确定人物设定：中年男性角色，声线必须保持这一年龄与性别呈现。一位成年男性酒贩，声音洪亮，语速较快，语气中带着自豪和热情，有市井气息。
297d2e632df150e2,野猪,10127,nonhuman,ageless,动物,,1,ready,,确定人物设定：超越常人年龄感的角色，声线必须保持这一年龄与性别呈现。非人类角色，仅发出低沉的哼哼声，声音粗重，无语言内容。
1f663059abcaef99,金铁匠,10801,male,adult,铁匠,沉稳 | 务实,1,ready,,确定人物设定：成年男性角色，声线必须保持这一年龄与性别呈现。一位成年男性铁匠，声音低沉而有力，语速中等，音调偏低，咬字清晰，情绪沉稳务实，带有行业粗犷感。
19eeb2d9fb7bbf49,铁匠老王,16402,male,middle_aged,铁匠,无奈 | 叹息,1,ready,,确定人物设定：中年男性角色，声线必须保持这一年龄与性别呈现。一位中年男性铁匠，声音粗犷低沉，语速较慢，语气无奈，带有叹息和恨铁不成钢的情绪。
2a6b4ae25d36bcdb,镖师-包游,12106,male,young_adult,镖师,自信 | 豪迈,1,ready,,确定人物设定：青年男性角色，声线必须保持这一年龄与性别呈现。一位成年男性镖师，声音低沉浑厚，语速中等，力度较强，咬字清晰有力，情绪底色自信豪迈，符合江湖人士身份。
8f4a2e110e4a7f3c,镖师-宋货,13204,male,middle_aged,威远镖局资深镖师,敬业 | 略带抱怨,1,ready,,确定人物设定：中年男性角色，声线必须保持这一年龄与性别呈现。一位资深镖师，性别不明，年龄感中年，声音沉稳，语速中等，咬字清晰，情绪底色平淡带点无奈，有江湖人的干练。
87d0d3847789ccf9,长生殿弟子,19745,male,young_adult,弟子,忠诚 | 激昂,1,ready,,确定人物设定：青年男性角色，声线必须保持这一年龄与性别呈现。年轻男性，声音清亮，语速中等，能量高，咬字清晰，情绪激昂忠诚，带有弟子誓死效忠的决绝感。
745eb480f786228b,阴阳司弟子,45927,male,young_adult,阴阳司弟子,惊恐,1,ready,,确定人物设定：青年男性角色，声线必须保持这一年龄与性别呈现。一位年轻的阴阳司弟子，性别未知。声音尖锐，语速极快，语气惊恐，尖叫着说话。咬字模糊，情绪底色惊恐，带有遇到恐怖事件的慌乱。
9cac1f468ae27f46,阿美娜,19853,female,young_adult,unknown,热情 | 仰慕,1,ready,,确定人物设定：青年女性角色，声线必须保持这一年龄与性别呈现。一位年轻女性，声音清亮，语速中等偏快，带有活泼和仰慕的情绪，咬字清晰，有武侠世界中的灵动感。
35fdba5d92976c61,阿蛊,19762,male,adult,unknown,沉默,1,ready,,确定人物设定：成年男性角色，声线必须保持这一年龄与性别呈现。一位沉默寡言的角色，性别不明，年龄感中等，音高适中，音色普通，语速缓慢，力度低，咬字含糊，情绪底色平静。
5f1018c85aa0d9be,陆婶,10264,female,middle_aged,平民,关心家人,1,ready,,确定人物设定：中年女性角色，声线必须保持这一年龄与性别呈现。一位中年女性平民，声音中等音高，音色柔和，语速中等，能量低，语气温和带忧虑，咬字清晰。
92e9f86fe382c7e8,陈伍哥,10263,male,adult,平民,八卦,1,ready,,确定人物设定：成年男性角色，声线必须保持这一年龄与性别呈现。一位成年男性平民，声音中等音高，音色普通，语速中等，能量中等，语气随意带点八卦，咬字清晰。
6ba41dfd97d35fb7,陈员外,19891,male,middle_aged,富商,世故 | 略带抱怨,1,ready,,确定人物设定：中年男性角色，声线必须保持这一年龄与性别呈现。一位中年男性富商，声音圆润，语速中等，语气带叹息，情绪无奈感慨。
6ec70b967204fbe2,陈小姐,17045,female,young_adult,小姐,好奇 | 八卦,1,ready,,确定人物设定：青年女性角色，声线必须保持这一年龄与性别呈现。一位年轻女性小姐，声音柔美，音调偏高，语速适中，语气中带着好奇和八卦的意味。
2a869a6d3f3cd671,陈茹儿,28234,female,young_adult,青梅竹马,直率 | 不耐烦,1,ready,,确定人物设定：青年女性角色，声线必须保持这一年龄与性别呈现。一位年轻女性，声音清亮，语速较快，语气中带着不耐烦和抱怨，透露出对南疆环境的不满和对蒋光之的依赖。
bfc0c1355b036d57,陈裁缝,16403,female,young_adult,裁缝,热情 | 精明,1,ready,,确定人物设定：青年女性角色，声线必须保持这一年龄与性别呈现。一位成年女性裁缝，声音清亮，语速适中，语气热情，带有推销商品时的精明感。
a5e6c045e6abb4f3,陈金发,28232,male,adult,霹雳门弟子,稳重,1,ready,,确定人物设定：成年男性角色，声线必须保持这一年龄与性别呈现。一位成年男性霹雳门弟子，声音沉稳，语速中等，语气中带着神秘感，透露出稳重和可靠。
221d207cd057f931,降蛊师,13000,male,middle_aged,降蛊师,阴险 | 残忍,1,ready,,确定人物设定：中年男性角色，声线必须保持这一年龄与性别呈现。一位降蛊师，声音阴冷，语速缓慢，咬字清晰，语气中带着冷笑和残忍，仿佛在玩弄猎物。
bb35099c7fc9c193,陶氏,6008,female,middle_aged,平民,热心 | 爱操心,1,ready,,确定人物设定：中年女性角色，声线必须保持这一年龄与性别呈现。一位中年女性平民，声音温和而亲切，语速适中，语气关切，带有长辈的关怀，情感底色是关切而慈爱，体现其热心与爱操心的性格。
c0954509b7aef79f,陶瓷商人,17034,male,middle_aged,商人,健谈 | 自豪,1,ready,,确定人物设定：中年男性角色，声线必须保持这一年龄与性别呈现。一位中年男性商人，声音普通，语速适中，语调平缓，咬字清晰，带有介绍家乡特产的自豪感。
92c859c98736fc2c,随军铁匠-赵统,19114,male,middle_aged,随军铁匠,朴实,1,ready,,确定人物设定：中年男性角色，声线必须保持这一年龄与性别呈现。一位中年男性铁匠，声音浑厚，语速中等，语气朴实，带着劳动人民的踏实感。
4a9d492e194bcd18,霍龙桑,28237,male,young_adult,五仙教弟子,忧虑,1,ready,,确定人物设定：青年男性角色，声线必须保持这一年龄与性别呈现。一位五仙教弟子，声音中性，语速中等，语气中带着忧虑和疑虑，透露出对教内叛乱的担忧。
37c0c8685726f7b9,青木舫侍女,11704,female,young_adult,青木舫侍女,警惕 | 护主,1,ready,,确定人物设定：青年女性角色，声线必须保持这一年龄与性别呈现。一位年轻女性，声音清亮，语速适中，语气直接而带警告，体现护主心切的侍女形象。
6d72abecfbfd9f76,韩阳,16414,male,middle_aged,村民,豪迈 | 诗意,1,ready,,确定人物设定：中年男性角色，声线必须保持这一年龄与性别呈现。一位角色，声音浑厚，语速缓慢，力度适中，咬字清晰，情绪底色豪迈而诗意，说话带有江湖气息和文人风骨。
a8a139dec0a5d678,饿虎贼,45228,male,adult,山贼,凶悍 | 粗暴,1,ready,,确定人物设定：成年男性角色，声线必须保持这一年龄与性别呈现。一位成年男性山贼，声音低沉粗犷，语速较快，力度强，咬字粗鲁，带着凶悍和粗暴的气质，说话简短充满威胁。
eff44b829ded4328,魏小妹,28230,female,young_adult,乡民,喜好学武 | 直率,1,ready,,确定人物设定：青年女性角色，声线必须保持这一年龄与性别呈现。一位年轻女性乡民，声音清亮，语速较快，语气激动而带不满，透露出对学武的渴望和对丐帮不收女弟子的愤慨。
1975045b7c852001,齐掌柜,11900,male,middle_aged,红尘客栈掌柜,精明 | 和气,1,ready,,确定人物设定：中年男性角色，声线必须保持这一年龄与性别呈现。一位中年男性，声音圆润，语速适中，语气客气，带商人腔调，体现精明和气的掌柜形象。
a6aa3ebcb35d32ab,？？？,17119,female,young_adult,unknown,,1,ready,,确定人物设定：青年女性角色，声线必须保持这一年龄与性别呈现。一位身份不明的武侠人物，声音特征未知，但应带有江湖气息，语气平淡，少言寡语。
